a : res/test3.txt [1, 1, 1, 1, 1, 1, 1, 3, 3, 3, 3, 3, 3, 3, 3, 3, 3, 3, 3, 3, 3, 5, 5, 5, 5, 5, 13, 15, 15, 15, 15, 15, 23, 23, 23, 23, 23, 23, 25, 25, 25, 25, 25, 25, 25, 25, 27, 27, 27, 27, 27, 31, 31, 31, 31, 31, 33, 33, 33, 33, 33, 33, 33, 33, 33, 33, 33, 33, 35, 45, 45, 45, 45, 53, 53, 53, 53, 53, 53, 55, 55, 55, 55, 55, 55, 55, 55, 55, 55, 55, 57, 57, 57, 57, 61, 61, 61, 63, 65, 65, 65, 65, 65, 67, 67, 71, 73, 81, 81, 81, 81, 85, 85, 87, 89, 89, 91, 91, 93, 93, 93, 93, 99, 99, 101, 101, 101, 101, 101, 101, 105, 105, 105, 109, 109, 111, 111, 111, 111, 111, 111, 111, 111, 111, 111, 111, 111, 113, 113, 113, 115, 115, 117, 117, 117, 117, 119, 119, 119, 119, 119, 119, 121, 123, 123, 129, 135, 135, 135, 135, 137, 139, 139, 141, 145, 145, 151, 157, 159, 163, 163, 165, 167, 169, 169, 171, 173, 173, 179, 181, 181, 181, 183, 183, 183, 187, 187, 187, 189, 189, 189, 189, 189, 189, 189, 189, 189, 191, 195, 195, 195, 195, 197, 197, 197, 197, 199, 199, 207, 207, 209, 209, 211, 211, 211, 211, 211, 211, 213, 215, 215, 215, 221, 223, 223, 225, 225, 225, 225, 225, 226, 226, 228, 228, 232, 236, 236, 236, 236, 238, 238, 240, 240, 240, 240, 240, 244, 244, 244, 248, 248, 254, 256, 258, 258, 262, 262, 264, 264, 264, 264, 264, 265, 265, 273, 275, 275, 275, 277, 277, 277, 281, 285, 285, 285, 285, 285, 287, 289, 289, 289, 289, 291, 293, 295, 297, 297, 299, 299, 301, 311, 313, 319, 319, 327, 327, 331, 333, 337, 337, 341, 343, 343, 345, 345, 345, 345, 345, 345, 345, 345, 345, 345, 345, 345, 345, 345, 345, 345, 347, 347, 349, 359, 360, 360, 360, 360, 360, 360, 362, 362, 362, 362, 362, 364, 364, 364, 364, 368, 368, 368, 368, 368, 370, 372, 374, 374, 374, 374, 376, 376, 376, 376, 378, 378, 378, 378, 378, 378, 378, 380, 380, 380, 380, 380, 380, 380, 380, 380, 380, 380, 380, 380, 380, 380, 382, 382, 384, 384, 384, 384, 386, 386, 386, 386, 386, 386, 388, 390, 390, 394, 394, 396, 398, 398, 398, 398, 398, 398, 398, 398, 400, 400, 404, 406, 406, 406, 406, 410, 410, 410, 412, 412, 412, 416, 416, 418, 418, 420, 420, 422, 422, 426, 432, 438, 442, 442, 442, 444, 446, 452, 452, 452, 454, 454, 454, 454, 456, 460, 460, 462, 462, 462, 466, 466, 468, 470, 472, 474, 476, 476, 478, 484, 490, 492, 494, 494, 496, 498, 498, 498, 500, 500, 500, 500, 500, 500, 500, 502, 502, 502, 502, 506, 508, 510, 510, 510, 510, 516, 522, 522, 526, 528, 528, 528, 530, 532, 534, 534, 534, 534, 534, 534, 534, 538, 538, 538, 538, 540, 540, 544, 548, 548, 550, 550, 552, 552, 552, 552, 552, 554, 556, 556, 560, 560, 560, 566, 568, 572, 572, 572, 572, 572, 578, 580, 580, 582, 582, 586, 586, 588, 588, 588, 588, 588, 588, 588, 590, 590, 592, 594, 598, 600, 600, 600, 600, 600, 600, 600, 602, 602, 604, 604, 608, 608, 608, 608, 608, 608, 608, 608, 608, 608, 608, 608, 608, 608, 608, 612, 614, 614, 614, 620, 620, 620, 620, 622, 622, 624, 624, 626, 628, 628, 630, 630, 630, 630, 630, 636, 636, 638, 640, 640, 640, 640, 642, 642, 644, 650, 654, 656, 656, 656, 656, 656, 656, 656, 658, 658, 660, 660, 660, 660, 662, 662, 662, 664, 666, 668, 668, 670, 672, 672, 672, 672, 672, 674, 676, 678, 678, 678, 678, 682, 682, 682, 682, 682, 682, 682, 682, 688, 694, 694, 694, 694, 696, 696, 696, 696, 696, 698, 698, 698, 698, 702, 704, 704, 704, 704, 704, 704, 704, 707, 707, 707, 707, 707, 707, 709, 713, 719, 725, 729, 729, 729, 729, 729, 729, 731, 731, 731, 731, 731, 731, 731, 731, 733, 733, 733, 733, 733, 733, 733, 733, 735, 735, 735, 735, 735, 735, 735, 735, 737, 737, 737, 737, 737, 737, 737, 739, 739, 739, 739, 739, 739, 739, 739, 739, 739, 739, 739, 739, 739, 739, 741, 741, 741, 741, 743, 743, 745, 745] (742) | 
aa : res/test3.txt [608] (1) | 
able : res/test3.txt [89] (1) | 
abnormally : res/test3.txt [733] (1) | 
aborigines : res/test3.txt [75] (1) | 
about : res/test3.txt [1, 5, 5, 5, 15, 21, 27, 33, 59, 77, 79, 95, 101, 105, 111, 111, 113, 121, 123, 149, 159, 191, 191, 197, 207, 207, 230, 264, 265, 289, 331, 349, 353, 353, 360, 362, 380, 380, 382, 398, 410, 426, 442, 454, 454, 454, 470, 474, 474, 498, 508, 508, 508, 528, 534, 538, 568, 580, 588, 588, 596, 598, 630, 636, 642, 642, 656, 676, 678, 682, 729, 731, 731, 735, 739, 741, 745] (77) | 
above : res/test3.txt [25, 81, 111, 179, 264, 264, 345, 360, 362, 424, 682, 723] (12) | 
abruptly : res/test3.txt [153, 179, 238, 252, 265, 608] (6) | 
accent : res/test3.txt [331, 614] (2) | 
accept : res/test3.txt [745] (1) | 
accepted : res/test3.txt [236] (1) | 
accepting : res/test3.txt [440] (1) | 
accidents : res/test3.txt [737, 737] (2) | 
according : res/test3.txt [678] (1) | 
accuse : res/test3.txt [500] (1) | 
achieved : res/test3.txt [608] (1) | 
acknowledged : res/test3.txt [31] (1) | 
acquainted : res/test3.txt [620] (1) | 
across : res/test3.txt [3, 41, 103, 109, 123, 141, 201, 209, 221, 275, 359, 378, 504, 578, 600, 644, 656, 656, 662, 743] (20) | 
act : res/test3.txt [81, 502] (2) | 
active : res/test3.txt [189] (1) | 
actively : res/test3.txt [55, 55] (2) | 
actually : res/test3.txt [386, 394] (2) | 
acute : res/test3.txt [33] (1) | 
acuteness : res/test3.txt [400] (1) | 
ad : res/test3.txt [137] (1) | 
adam : res/test3.txt [713] (1) | 
add : res/test3.txt [195, 590] (2) | 
added : res/test3.txt [11, 99, 269, 289, 319, 396, 428, 522, 604, 636, 676] (11) | 
addition : res/test3.txt [277] (1) | 
addressing : res/test3.txt [650] (1) | 
admirably : res/test3.txt [189] (1) | 
admiration : res/test3.txt [35, 155, 550, 550] (4) | 
admire : res/test3.txt [560, 737] (2) | 
admired : res/test3.txt [550, 662] (2) | 
admit : res/test3.txt [141, 386, 426, 470, 500, 500, 636, 642, 704, 745, 745] (11) | 
admits : res/test3.txt [586] (1) | 
admitted : res/test3.txt [101, 462, 632] (3) | 
admitting : res/test3.txt [426] (1) | 
advance : res/test3.txt [27] (1) | 
advancing : res/test3.txt [694] (1) | 
adventurer : res/test3.txt [364, 528] (2) | 
adventures : res/test3.txt [588] (1) | 
advise : res/test3.txt [406] (1) | 
advised : res/test3.txt [600] (1) | 
aesthete : res/test3.txt [189, 331] (2) | 
afar : res/test3.txt [111] (1) | 
affairs : res/test3.txt [289] (1) | 
affectations : res/test3.txt [550] (1) | 
affected : res/test3.txt [319, 735] (2) | 
affirmed : res/test3.txt [586] (1) | 
afforded : res/test3.txt [277] (1) | 
afraid : res/test3.txt [41, 155, 163, 240, 271, 462, 560, 704, 709] (9) | 
africa : res/test3.txt [27, 117] (2) | 
african : res/test3.txt [534] (1) | 
after : res/test3.txt [33, 39, 51, 75, 91, 135, 141, 151, 163, 169, 183, 223, 225, 226, 226, 226, 277, 285, 289, 378, 380, 386, 386, 398, 412, 418, 426, 426, 504, 512, 534, 534, 586, 590, 598, 600, 602, 608, 608, 608, 620, 662, 668, 672, 688, 688, 739, 745] (48) | 
afterthought : res/test3.txt [522] (1) | 
afterward : res/test3.txt [548, 632, 735] (3) | 
afterwards : res/test3.txt [55] (1) | 
again : res/test3.txt [1, 15, 111, 171, 187, 189, 189, 189, 226, 240, 240, 242, 248, 262, 264, 264, 273, 275, 315, 323, 345, 351, 376, 384, 426, 508, 552, 598, 604, 608, 632, 678, 678, 678, 688, 694, 707, 709, 729, 729, 735] (41) | 
against : res/test3.txt [1, 25, 101, 181, 236, 260, 264, 390, 442, 462, 470, 476, 500, 500, 500, 500, 638, 678, 713, 735] (20) | 
agent : res/test3.txt [189] (1) | 
ages : res/test3.txt [111, 111, 165, 165, 682] (5) | 
aggressive : res/test3.txt [1] (1) | 
ago : res/test3.txt [23, 67, 85, 175, 612] (5) | 
agree : res/test3.txt [502, 628] (2) | 
agreeable : res/test3.txt [195] (1) | 
agreed : res/test3.txt [145, 707] (2) | 
ah : res/test3.txt [248, 311, 692] (3) | 
ahead : res/test3.txt [652] (1) | 
aims : res/test3.txt [733] (1) | 
air : res/test3.txt [107, 181, 343, 345, 362, 374, 398, 608, 660, 676, 682] (11) | 
al : res/test3.txt [608] (1) | 
alacrity : res/test3.txt [692] (1) | 
alarming : res/test3.txt [570] (1) | 
alas : res/test3.txt [5] (1) | 
ale : res/test3.txt [606, 608] (2) | 
alert : res/test3.txt [398] (1) | 
alertly : res/test3.txt [265] (1) | 
alive : res/test3.txt [476, 534, 534] (3) | 
all : res/test3.txt [31, 33, 33, 33, 47, 51, 55, 61, 69, 75, 91, 101, 101, 101, 111, 111, 111, 119, 139, 141, 155, 155, 159, 163, 195, 195, 209, 209, 219, 225, 230, 236, 236, 236, 238, 248, 248, 264, 265, 265, 285, 285, 285, 289, 289, 293, 299, 319, 327, 327, 327, 331, 337, 345, 345, 353, 374, 380, 384, 386, 386, 398, 404, 410, 410, 426, 442, 446, 450, 460, 462, 470, 470, 470, 470, 470, 502, 512, 534, 534, 538, 538, 540, 552, 560, 560, 560, 560, 572, 572, 586, 588, 588, 608, 608, 620, 628, 630, 640, 642, 642, 662, 672, 674, 678, 678, 698, 700, 704, 704, 707, 709, 713, 717, 731, 733, 733, 733, 733, 733, 733, 735, 737, 739, 741, 741, 745] (127) | 
alleging : res/test3.txt [632] (1) | 
allegory : res/test3.txt [121, 123] (2) | 
alliterative : res/test3.txt [13] (1) | 
allow : res/test3.txt [33] (1) | 
allowances : res/test3.txt [15] (1) | 
almost : res/test3.txt [1, 3, 25, 25, 31, 83, 111, 171, 187, 225, 264, 267, 345, 362, 386, 398, 398, 460, 534, 590, 660] (21) | 
aloft : res/test3.txt [264, 360, 442] (3) | 
alone : res/test3.txt [596, 608, 608, 729] (4) | 
along : res/test3.txt [15, 25, 51, 53, 57, 151, 225, 236] (8) | 
aloud : res/test3.txt [189, 189] (2) | 
already : res/test3.txt [1, 3, 23, 31, 65, 75, 225, 246, 287, 382, 416, 418, 600, 620, 656, 739, 741] (17) | 
also : res/test3.txt [23, 41, 139, 189, 226, 236, 335, 345, 345, 394, 412, 566, 588, 640, 672] (15) | 
altar : res/test3.txt [534] (1) | 
alternative : res/test3.txt [378] (1) | 
altogether : res/test3.txt [588, 739] (2) | 
always : res/test3.txt [1, 5, 5, 205, 285, 398, 544, 572, 582, 586, 586, 608, 638] (13) | 
am : res/test3.txt [29, 41, 41, 61, 79, 141, 175, 175, 177, 179, 281, 319, 366, 406, 438, 496, 512, 528, 534, 534, 534, 538, 588, 668, 707, 713, 731, 739, 745] (29) | 
amateur : res/test3.txt [410, 546, 674, 692] (4) | 
amazement : res/test3.txt [612] (1) | 
america : res/test3.txt [707] (1) | 
american : res/test3.txt [33, 33, 85, 91, 93, 109, 147, 189, 209, 236, 287, 311, 337, 394, 410, 420, 432, 444, 530, 566, 574, 578, 596, 612, 638, 656, 662, 684] (28) | 
americanisms : res/test3.txt [191] (1) | 
amiably : res/test3.txt [676] (1) | 
amid : res/test3.txt [522] (1) | 
among : res/test3.txt [1, 111, 111, 143, 181, 197, 538] (7) | 
an : res/test3.txt [1, 1, 1, 1, 1, 1, 13, 23, 23, 33, 55, 91, 91, 121, 121, 123, 143, 175, 191, 195, 209, 209, 244, 248, 265, 265, 291, 295, 299, 311, 333, 355, 359, 360, 374, 378, 378, 384, 386, 386, 390, 390, 394, 398, 398, 398, 410, 424, 426, 462, 470, 500, 500, 502, 504, 506, 508, 532, 542, 546, 600, 600, 602, 608, 608, 608, 628, 630, 636, 660, 668, 674, 676, 707, 731, 731, 733] (77) | 
analogous : res/test3.txt [733] (1) | 
analysis : res/test3.txt [660] (1) | 
ancestor : res/test3.txt [101] (1) | 
ancient : res/test3.txt [345] (1) | 
and : res/test3.txt [1, 1, 1, 1, 1, 1, 1, 3, 3, 3, 3, 3, 5, 5, 5, 5, 5, 5, 13, 13, 15, 15, 17, 21, 23, 23, 23, 23, 23, 23, 23, 25, 25, 25, 25, 25, 25, 25, 25, 27, 27, 27, 27, 27, 27, 27, 27, 29, 31, 31, 31, 31, 31, 31, 31, 33, 33, 33, 33, 33, 33, 33, 35, 41, 47, 47, 51, 51, 53, 53, 53, 53, 55, 55, 55, 55, 57, 57, 57, 65, 65, 67, 67, 73, 75, 77, 81, 81, 81, 83, 85, 85, 89, 91, 91, 93, 93, 93, 93, 93, 93, 99, 101, 101, 101, 101, 101, 101, 103, 105, 109, 111, 111, 111, 111, 111, 111, 111, 111, 111, 111, 111, 111, 111, 111, 111, 111, 111, 111, 111, 111, 113, 119, 119, 119, 119, 123, 123, 129, 135, 135, 135, 139, 139, 139, 139, 139, 145, 145, 151, 151, 151, 155, 155, 157, 157, 157, 163, 163, 163, 163, 163, 165, 165, 169, 169, 169, 169, 171, 173, 173, 179, 179, 179, 179, 181, 185, 187, 187, 187, 189, 189, 189, 189, 189, 189, 189, 189, 189, 189, 195, 195, 195, 197, 197, 197, 205, 207, 207, 207, 209, 209, 209, 209, 209, 209, 209, 209, 209, 211, 219, 221, 221, 223, 223, 225, 225, 226, 226, 226, 226, 226, 232, 236, 236, 236, 236, 238, 238, 238, 238, 240, 240, 240, 240, 240, 240, 240, 244, 246, 248, 260, 264, 264, 264, 264, 264, 264, 264, 264, 265, 265, 265, 265, 265, 265, 265, 265, 267, 273, 275, 275, 275, 275, 275, 275, 275, 277, 277, 277, 277, 279, 279, 281, 285, 285, 285, 285, 285, 285, 285, 285, 285, 285, 287, 291, 299, 301, 305, 305, 311, 311, 315, 315, 319, 325, 327, 327, 327, 327, 327, 327, 327, 327, 327, 331, 331, 337, 337, 339, 343, 345, 345, 345, 345, 345, 345, 345, 345, 345, 345, 345, 345, 345, 345, 345, 345, 345, 345, 347, 347, 349, 351, 351, 351, 353, 355, 359, 359, 359, 360, 360, 360, 360, 362, 362, 362, 362, 362, 362, 362, 364, 364, 368, 368, 370, 372, 372, 374, 374, 374, 376, 376, 376, 376, 378, 378, 378, 380, 380, 380, 380, 380, 380, 380, 380, 380, 380, 382, 382, 382, 382, 382, 382, 382, 384, 384, 384, 384, 384, 386, 386, 386, 386, 386, 386, 390, 394, 394, 394, 396, 398, 398, 398, 398, 400, 400, 400, 400, 400, 404, 406, 406, 406, 408, 408, 408, 408, 410, 410, 410, 412, 412, 412, 412, 412, 412, 412, 412, 412, 412, 412, 412, 414, 422, 424, 424, 428, 432, 436, 440, 440, 442, 442, 442, 442, 446, 448, 454, 454, 454, 462, 462, 468, 470, 470, 470, 470, 470, 470, 470, 476, 484, 486, 488, 492, 494, 496, 498, 498, 500, 500, 500, 500, 500, 500, 500, 500, 502, 506, 506, 506, 506, 508, 508, 508, 508, 510, 510, 512, 512, 528, 528, 528, 528, 532, 534, 534, 534, 534, 534, 534, 534, 534, 534, 534, 534, 534, 534, 534, 534, 534, 536, 538, 538, 538, 538, 538, 540, 540, 540, 540, 540, 540, 542, 544, 546, 548, 548, 550, 550, 552, 552, 552, 552, 552, 554, 558, 560, 560, 560, 566, 566, 568, 568, 568, 570, 572, 572, 576, 578, 580, 580, 582, 586, 586, 586, 588, 588, 588, 588, 588, 588, 588, 588, 588, 588, 590, 590, 592, 594, 594, 594, 596, 598, 600, 600, 600, 600, 600, 600, 600, 600, 602, 602, 602, 604, 606, 606, 608, 608, 608, 608, 608, 608, 608, 608, 608, 608, 612, 612, 612, 612, 620, 620, 620, 622, 624, 624, 628, 630, 630, 630, 632, 632, 632, 632, 632, 632, 634, 634, 636, 636, 636, 638, 640, 640, 640, 642, 644, 644, 648, 650, 650, 650, 652, 654, 654, 656, 656, 656, 656, 656, 658, 660, 660, 660, 660, 662, 662, 662, 662, 662, 662, 670, 672, 672, 676, 678, 678, 678, 680, 682, 682, 682, 682, 682, 682, 686, 688, 688, 690, 694, 696, 696, 696, 696, 698, 698, 702, 704, 704, 704, 704, 704, 704, 704, 704, 706, 707, 707, 707, 707, 707, 707, 707, 707, 707, 707, 709, 709, 709, 719, 723, 725, 729, 729, 729, 729, 729, 731, 731, 731, 731, 731, 731, 733, 733, 733, 733, 733, 733, 733, 733, 733, 733, 733, 733, 733, 733, 735, 735, 735, 737, 737, 737, 739, 739, 739, 739, 739, 739, 739, 739, 741, 741, 741, 741, 741, 745, 745, 745, 745, 747, 747, 751] (756) | 
andrew : res/test3.txt [412, 608] (2) | 
anew : res/test3.txt [733] (1) | 
anger : res/test3.txt [137] (1) | 
angular : res/test3.txt [223] (1) | 
animal : res/test3.txt [416] (1) | 
announce : res/test3.txt [209] (1) | 
announced : res/test3.txt [95, 189] (2) | 
annoyed : res/test3.txt [205, 739] (2) | 
another : res/test3.txt [27, 53, 53, 232, 378, 394, 396, 418, 424, 462, 600, 739] (12) | 
answer : res/test3.txt [269, 528, 688] (3) | 
answered : res/test3.txt [65, 127, 131, 135, 240, 355, 394, 482, 560, 598, 745] (11) | 
answers : res/test3.txt [327] (1) | 
anticipating : res/test3.txt [93] (1) | 
anticlimax : res/test3.txt [660] (1) | 
antiquated : res/test3.txt [55, 345] (2) | 
antique : res/test3.txt [23] (1) | 
antiquities : res/test3.txt [189] (1) | 
anxious : res/test3.txt [574] (1) | 
anxiously : res/test3.txt [171] (1) | 
any : res/test3.txt [33, 65, 111, 125, 149, 179, 185, 191, 195, 230, 402, 406, 410, 412, 416, 426, 426, 442, 454, 462, 474, 474, 474, 474, 508, 556, 566, 572, 586, 608, 608, 612, 668, 674, 678, 741] (36) | 
anybody : res/test3.txt [141, 303, 500, 512, 540, 739] (6) | 
anyhow : res/test3.txt [289, 360, 386, 406, 474] (5) | 
anyone : res/test3.txt [219, 221, 378, 678, 729] (5) | 
anything : res/test3.txt [27, 53, 61, 99, 211, 295, 353, 353, 386, 410, 412, 564, 600, 618, 696, 709, 729, 745, 745, 745] (20) | 
anywhere : res/test3.txt [207] (1) | 
apace : res/test3.txt [11] (1) | 
apart : res/test3.txt [289] (1) | 
ape : res/test3.txt [662] (1) | 
apologetically : res/test3.txt [702] (1) | 
apologize : res/test3.txt [71, 580] (2) | 
apologized : res/test3.txt [735] (1) | 
apology : res/test3.txt [141] (1) | 
apparatus : res/test3.txt [410, 412, 440, 656] (4) | 
apparent : res/test3.txt [739] (1) | 
apparently : res/test3.txt [51, 55, 226] (3) | 
apparition : res/test3.txt [57] (1) | 
appeal : res/test3.txt [500] (1) | 
appear : res/test3.txt [707, 709] (2) | 
appearance : res/test3.txt [33, 55, 380] (3) | 
appeared : res/test3.txt [25, 139, 209, 291, 345, 410] (6) | 
appears : res/test3.txt [195] (1) | 
appetites : res/test3.txt [586] (1) | 
applied : res/test3.txt [400] (1) | 
appointment : res/test3.txt [668] (1) | 
appreciation : res/test3.txt [582] (1) | 
approach : res/test3.txt [360] (1) | 
approached : res/test3.txt [225] (1) | 
apropos : res/test3.txt [319] (1) | 
apt : res/test3.txt [13] (1) | 
arboriculture : res/test3.txt [121] (1) | 
architecture : res/test3.txt [25] (1) | 
are : res/test3.txt [23, 61, 75, 75, 75, 101, 111, 119, 141, 199, 248, 285, 289, 307, 339, 392, 406, 412, 412, 448, 450, 486, 490, 494, 500, 502, 524, 534, 534, 534, 534, 534, 534, 534, 538, 538, 540, 540, 552, 556, 560, 560, 564, 572, 590, 592, 620, 672, 731, 733, 741, 745, 745, 745, 745, 745] (56) | 
argument : res/test3.txt [462] (1) | 
arguments : res/test3.txt [704] (1) | 
argumentum : res/test3.txt [137] (1) | 
aristocrat : res/test3.txt [1, 91] (2) | 
aristocrats : res/test3.txt [23] (1) | 
arm : res/test3.txt [183, 723] (2) | 
arms : res/test3.txt [111, 111, 345, 408, 566, 672] (6) | 
army : res/test3.txt [398] (1) | 
around : res/test3.txt [27, 27] (2) | 
arranged : res/test3.txt [707] (1) | 
arrangement : res/test3.txt [23] (1) | 
arrest : res/test3.txt [650, 660] (2) | 
arrested : res/test3.txt [139] (1) | 
arrival : res/test3.txt [33] (1) | 
arrivals : res/test3.txt [23] (1) | 
arriving : res/test3.txt [3] (1) | 
art : res/test3.txt [209, 588, 608, 608, 612, 656, 731] (7) | 
artist : res/test3.txt [608, 608, 608, 612, 614, 656, 658] (7) | 
artistic : res/test3.txt [105] (1) | 
arts : res/test3.txt [550] (1) | 
as : res/test3.txt [1, 1, 1, 3, 3, 3, 3, 3, 5, 5, 11, 17, 23, 23, 23, 25, 25, 25, 25, 33, 33, 41, 45, 45, 55, 75, 81, 93, 93, 101, 101, 101, 109, 111, 111, 113, 113, 119, 119, 121, 123, 127, 129, 131, 139, 151, 157, 173, 179, 183, 187, 209, 209, 209, 209, 209, 211, 223, 225, 226, 236, 238, 238, 248, 262, 264, 277, 277, 277, 277, 295, 297, 297, 315, 319, 327, 345, 345, 345, 355, 360, 360, 360, 360, 360, 360, 360, 362, 362, 362, 364, 374, 378, 380, 380, 382, 382, 382, 382, 386, 386, 386, 386, 388, 394, 398, 398, 398, 400, 404, 406, 410, 412, 422, 436, 446, 454, 474, 474, 494, 494, 496, 496, 502, 506, 508, 510, 512, 522, 526, 528, 532, 534, 534, 534, 538, 538, 540, 540, 546, 552, 552, 556, 560, 560, 560, 560, 566, 566, 580, 588, 600, 600, 600, 600, 600, 602, 608, 608, 608, 608, 608, 608, 612, 620, 620, 620, 620, 624, 624, 630, 632, 638, 638, 640, 642, 652, 654, 656, 656, 662, 666, 666, 670, 672, 672, 678, 682, 682, 694, 694, 696, 704, 704, 704, 704, 704, 704, 707, 709, 709, 731, 731, 731, 731, 731, 733, 733, 733, 735, 735, 735, 735, 739, 739, 739, 741, 745, 745, 745, 751] (221) | 
ascetic : res/test3.txt [398] (1) | 
ashamed : res/test3.txt [528, 528, 534] (3) | 
ashe : res/test3.txt [119, 125, 149, 189, 201, 234, 240, 240, 244, 252, 260, 265, 283, 291, 295, 305, 309, 313, 323, 327, 329, 339, 412, 414, 420, 448, 450, 456, 462, 466, 474, 478, 492, 498, 504, 512, 518, 538, 540, 542, 546, 554, 558, 580, 586, 588, 590, 594, 608, 608, 618, 620, 620, 620, 620, 644, 650, 654, 672, 674, 688, 694, 700, 731, 731, 739, 743] (67) | 
ashore : res/test3.txt [31] (1) | 
aside : res/test3.txt [211] (1) | 
ask : res/test3.txt [141, 195, 195, 195, 265, 406, 528, 594, 668] (9) | 
asked : res/test3.txt [57, 59, 63, 69, 125, 159, 171, 267, 339, 584, 592, 596, 654, 688, 700] (15) | 
asking : res/test3.txt [512, 668] (2) | 
asleep : res/test3.txt [195, 264, 560] (3) | 
ass : res/test3.txt [299] (1) | 
assassin : res/test3.txt [426] (1) | 
assassins : res/test3.txt [580] (1) | 
assent : res/test3.txt [408] (1) | 
assented : res/test3.txt [79, 149] (2) | 
assignations : res/test3.txt [600] (1) | 
assimilation : res/test3.txt [111] (1) | 
assumed : res/test3.txt [236] (1) | 
assumption : res/test3.txt [450] (1) | 
assure : res/test3.txt [560] (1) | 
astonished : res/test3.txt [715] (1) | 
astonishment : res/test3.txt [87] (1) | 
astride : res/test3.txt [362] (1) | 
astrologer : res/test3.txt [470] (1) | 
asylum : res/test3.txt [197] (1) | 
at : res/test3.txt [1, 1, 1, 3, 5, 15, 21, 25, 35, 41, 47, 53, 53, 55, 59, 65, 65, 69, 81, 99, 101, 101, 101, 101, 111, 111, 111, 111, 119, 119, 119, 135, 139, 141, 163, 173, 179, 187, 201, 207, 207, 211, 211, 215, 215, 221, 226, 230, 238, 240, 240, 240, 244, 244, 248, 265, 277, 305, 307, 309, 311, 311, 315, 327, 337, 343, 345, 345, 345, 347, 360, 362, 370, 370, 372, 374, 378, 380, 386, 386, 396, 400, 412, 418, 444, 454, 462, 470, 476, 488, 492, 498, 500, 504, 506, 506, 510, 512, 526, 532, 546, 546, 552, 556, 560, 568, 568, 570, 578, 580, 600, 602, 602, 608, 608, 608, 608, 620, 620, 628, 630, 632, 638, 642, 646, 650, 656, 660, 660, 662, 662, 668, 668, 668, 672, 678, 680, 682, 682, 682, 692, 700, 706, 707, 723, 723, 729, 729, 729, 729, 733, 733, 737, 737, 739, 739, 739, 739, 739, 739, 743] (161) | 
ate : res/test3.txt [195] (1) | 
atheist : res/test3.txt [731] (1) | 
athlete : res/test3.txt [333] (1) | 
attacked : res/test3.txt [600] (1) | 
attempt : res/test3.txt [1] (1) | 
attending : res/test3.txt [236] (1) | 
attention : res/test3.txt [139, 376, 550, 624, 630, 656, 680] (7) | 
attentiveness : res/test3.txt [248] (1) | 
attitude : res/test3.txt [590] (1) | 
attitudes : res/test3.txt [265] (1) | 
attribute : res/test3.txt [470] (1) | 
augury : res/test3.txt [181] (1) | 
authority : res/test3.txt [508, 672] (2) | 
automatically : res/test3.txt [25, 536, 751] (3) | 
avoid : res/test3.txt [211, 566] (2) | 
avoided : res/test3.txt [592] (1) | 
avon : res/test3.txt [33] (1) | 
awake : res/test3.txt [53, 248, 462] (3) | 
aware : res/test3.txt [33] (1) | 
away : res/test3.txt [25, 51, 141, 141, 236, 240, 265, 343, 345, 380, 384, 422, 682, 688, 729] (15) | 
awful : res/test3.txt [472, 472, 474] (3) | 
awkward : res/test3.txt [394] (1) | 
ax : res/test3.txt [25, 121, 163, 179, 181, 181, 444, 448, 450, 452, 454, 454, 474, 498, 500, 612, 632, 632, 678, 678, 678, 678, 737, 739] (24) | 
b : res/test3.txt [636, 636] (2) | 
babies : res/test3.txt [534] (1) | 
back : res/test3.txt [1, 165, 171, 179, 225, 226, 238, 240, 248, 305, 376, 382, 384, 408, 462, 500, 526, 546, 568, 598, 600, 608, 608, 707, 751] (25) | 
backwards : res/test3.txt [3] (1) | 
backwoodsman : res/test3.txt [345] (1) | 
bacteria : res/test3.txt [731] (1) | 
bad : res/test3.txt [175, 207, 656] (3) | 
badly : res/test3.txt [745] (1) | 
bald : res/test3.txt [173, 240, 291, 398] (4) | 
balustrade : res/test3.txt [53] (1) | 
bamboo : res/test3.txt [101] (1) | 
bandage : res/test3.txt [636, 636] (2) | 
banquets : res/test3.txt [608] (1) | 
barbara : res/test3.txt [3, 57, 63, 85, 93, 107, 115, 151, 171, 177, 193, 226, 277, 277, 506, 528, 566, 662] (18) | 
barbarous : res/test3.txt [121] (1) | 
barbary : res/test3.txt [101, 111, 195] (3) | 
bard : res/test3.txt [33] (1) | 
bare : res/test3.txt [729, 739] (2) | 
barely : res/test3.txt [3] (1) | 
basket : res/test3.txt [386] (1) | 
batch : res/test3.txt [588] (1) | 
batteries : res/test3.txt [656] (1) | 
bay : res/test3.txt [3] (1) | 
be : res/test3.txt [1, 1, 5, 9, 23, 25, 25, 27, 31, 33, 91, 101, 111, 141, 153, 155, 157, 195, 225, 225, 238, 248, 250, 265, 265, 281, 289, 291, 293, 295, 295, 299, 299, 299, 319, 327, 349, 374, 380, 382, 382, 386, 394, 396, 406, 412, 412, 412, 416, 420, 426, 426, 442, 450, 452, 454, 500, 500, 502, 502, 508, 516, 528, 528, 534, 534, 538, 544, 548, 548, 548, 556, 556, 560, 586, 588, 594, 594, 598, 600, 600, 600, 600, 608, 630, 636, 650, 650, 650, 656, 670, 672, 678, 678, 678, 688, 688, 698, 704, 707, 707, 729, 729, 731, 731, 731, 733, 733, 733, 733, 735, 735, 735, 739, 739, 739, 739, 739, 739, 741, 741, 741, 745, 745] (124) | 
beach : res/test3.txt [53, 101, 195, 723] (4) | 
bean : res/test3.txt [360] (1) | 
bear : res/test3.txt [244, 305] (2) | 
beard : res/test3.txt [23, 163, 384, 608, 656, 660, 672, 672, 739] (9) | 
bearer : res/test3.txt [175] (1) | 
bearing : res/test3.txt [608, 696] (2) | 
beasts : res/test3.txt [111, 345] (2) | 
beaten : res/test3.txt [380] (1) | 
beating : res/test3.txt [262] (1) | 
beats : res/test3.txt [47] (1) | 
beautiful : res/test3.txt [65, 79, 538, 620] (4) | 
beauty : res/test3.txt [552, 743] (2) | 
became : res/test3.txt [111, 225, 735] (3) | 
because : res/test3.txt [101, 305, 305, 345, 474, 500, 512, 516, 528, 588, 620, 739, 741, 741] (14) | 
becoming : res/test3.txt [137] (1) | 
bed : res/test3.txt [462] (1) | 
been : res/test3.txt [23, 33, 33, 39, 55, 65, 93, 101, 119, 119, 163, 209, 209, 236, 238, 285, 285, 287, 315, 335, 337, 355, 362, 370, 376, 380, 382, 382, 386, 394, 396, 396, 396, 398, 418, 442, 500, 500, 500, 500, 534, 544, 580, 584, 586, 588, 600, 608, 608, 620, 680, 688, 696, 698, 704, 704, 707, 721, 725, 729, 729, 731, 733, 733, 739, 745, 745] (67) | 
beer : res/test3.txt [588] (1) | 
befallen : res/test3.txt [538] (1) | 
before : res/test3.txt [5, 51, 189, 221, 256, 262, 275, 275, 275, 277, 355, 357, 362, 386, 412, 454, 476, 500, 502, 508, 560, 566, 608, 612, 729] (25) | 
beforehand : res/test3.txt [733] (1) | 
began : res/test3.txt [13, 109, 139, 264, 317, 345, 376, 380, 400, 510, 534, 534, 608, 612, 634, 660, 735] (17) | 
begin : res/test3.txt [25, 33, 323, 450, 528, 620] (6) | 
beginning : res/test3.txt [103, 111, 113, 277, 285, 382, 446, 502, 620, 680, 733] (11) | 
begun : res/test3.txt [223, 281, 287, 289, 534] (5) | 
beheld : res/test3.txt [360] (1) | 
behind : res/test3.txt [53, 139, 173, 279, 285, 506, 644, 650, 656, 694] (10) | 
being : res/test3.txt [5, 27, 33, 37, 442, 470, 506, 608, 608, 642, 707, 733, 737, 739] (14) | 
believe : res/test3.txt [111, 125, 137, 159, 161, 163, 167, 169, 191, 211, 285, 380, 534, 534, 552, 713, 731, 731, 733, 735, 745, 745] (22) | 
believed : res/test3.txt [209, 428, 534, 704] (4) | 
believer : res/test3.txt [271] (1) | 
believing : res/test3.txt [285] (1) | 
bell : res/test3.txt [111] (1) | 
belong : res/test3.txt [47, 215] (2) | 
below : res/test3.txt [55, 163, 209, 223, 362, 368] (6) | 
belt : res/test3.txt [345] (1) | 
bench : res/test3.txt [566, 566, 604, 606, 608, 608, 608] (7) | 
bending : res/test3.txt [362] (1) | 
beneath : res/test3.txt [25] (1) | 
benignity : res/test3.txt [743] (1) | 
bent : res/test3.txt [119, 187] (2) | 
beside : res/test3.txt [225, 382, 608] (3) | 
best : res/test3.txt [698, 704, 733] (3) | 
bet : res/test3.txt [219, 341] (2) | 
betaken : res/test3.txt [151] (1) | 
bethought : res/test3.txt [412] (1) | 
better : res/test3.txt [244, 285, 406, 412, 412, 438, 462, 498, 538, 610, 614, 670, 704] (13) | 
betters : res/test3.txt [745] (1) | 
between : res/test3.txt [1, 5, 55, 111, 179, 209, 396, 506, 656] (9) | 
bewildered : res/test3.txt [602, 670] (2) | 
bewilderment : res/test3.txt [73] (1) | 
beyond : res/test3.txt [111, 345, 378, 380, 442, 498, 500] (7) | 
bible : res/test3.txt [11, 13] (2) | 
bifurcation : res/test3.txt [27] (1) | 
big : res/test3.txt [45, 291, 534, 644] (4) | 
bird : res/test3.txt [111, 265, 345, 412, 608] (5) | 
birds : res/test3.txt [111, 111, 111, 111, 159, 167, 181, 181, 345, 442, 508, 536, 568] (13) | 
birthday : res/test3.txt [534, 534] (2) | 
biscuit : res/test3.txt [540] (1) | 
bit : res/test3.txt [113, 333, 406, 406] (4) | 
bite : res/test3.txt [398, 398] (2) | 
bitterly : res/test3.txt [656] (1) | 
black : res/test3.txt [23, 45, 45, 53, 55, 55, 81, 81, 139, 163, 173, 187, 209, 327, 347, 380, 390, 390, 394, 396, 400, 424, 424, 612, 638, 638, 644, 656] (28) | 
blacking : res/test3.txt [71] (1) | 
blade : res/test3.txt [446] (1) | 
blameless : res/test3.txt [111] (1) | 
blank : res/test3.txt [236, 345] (2) | 
blast : res/test3.txt [13] (1) | 
blasts : res/test3.txt [199] (1) | 
blazing : res/test3.txt [542] (1) | 
blessed : res/test3.txt [47] (1) | 
blew : res/test3.txt [262, 656] (2) | 
blight : res/test3.txt [81] (1) | 
blighted : res/test3.txt [25] (1) | 
blights : res/test3.txt [47] (1) | 
blinding : res/test3.txt [484, 662] (2) | 
blindness : res/test3.txt [127] (1) | 
blood : res/test3.txt [394, 500, 638, 733, 741] (5) | 
bloom : res/test3.txt [265] (1) | 
blowing : res/test3.txt [656] (1) | 
blown : res/test3.txt [25, 696] (2) | 
blue : res/test3.txt [3, 23, 27, 111, 345] (5) | 
board : res/test3.txt [345] (1) | 
boat : res/test3.txt [3, 3, 31, 101, 101, 101, 101, 662] (8) | 
boatman : res/test3.txt [31, 41, 45, 53] (4) | 
bodily : res/test3.txt [1] (1) | 
body : res/test3.txt [173, 295, 295, 500] (4) | 
bogey : res/test3.txt [191, 534] (2) | 
bogus : res/test3.txt [704, 709] (2) | 
boil : res/test3.txt [264] (1) | 
boiled : res/test3.txt [500] (1) | 
boiling : res/test3.txt [209] (1) | 
boisterous : res/test3.txt [89] (1) | 
bolt : res/test3.txt [650] (1) | 
bolted : res/test3.txt [462] (1) | 
bone : res/test3.txt [31, 412, 416, 416, 420, 420, 442, 492, 494, 494, 498, 540] (12) | 
bones : res/test3.txt [426, 480, 482, 486, 500, 500, 508, 540, 588, 640, 709, 713, 717, 717, 719, 739] (16) | 
bony : res/test3.txt [55, 432] (2) | 
boot : res/test3.txt [1] (1) | 
border : res/test3.txt [111] (1) | 
bordering : res/test3.txt [696] (1) | 
bore : res/test3.txt [412] (1) | 
boring : res/test3.txt [25] (1) | 
born : res/test3.txt [534] (1) | 
botanical : res/test3.txt [101] (1) | 
both : res/test3.txt [1, 25, 398, 454, 498, 584, 600] (7) | 
bottom : res/test3.txt [444] (1) | 
bottomless : res/test3.txt [380] (1) | 
bough : res/test3.txt [376, 737] (2) | 
boughs : res/test3.txt [362] (1) | 
bound : res/test3.txt [157, 662] (2) | 
bowed : res/test3.txt [109, 747] (2) | 
bowie : res/test3.txt [345] (1) | 
boy : res/test3.txt [1, 1, 462, 707] (4) | 
boyhood : res/test3.txt [1] (1) | 
boyish : res/test3.txt [345] (1) | 
boys : res/test3.txt [111] (1) | 
bracken : res/test3.txt [349, 388] (2) | 
braided : res/test3.txt [23] (1) | 
brain : res/test3.txt [620] (1) | 
brains : res/test3.txt [544] (1) | 
branch : res/test3.txt [195, 353, 362, 368, 368] (5) | 
branched : res/test3.txt [360] (1) | 
branches : res/test3.txt [111, 357, 362] (3) | 
bravado : res/test3.txt [345] (1) | 
breakdown : res/test3.txt [731] (1) | 
breaker : res/test3.txt [682] (1) | 
breakfast : res/test3.txt [3] (1) | 
breaking : res/test3.txt [362, 470] (2) | 
breath : res/test3.txt [199, 311] (2) | 
breeze : res/test3.txt [209, 656] (2) | 
breezier : res/test3.txt [412] (1) | 
briareus : res/test3.txt [111] (1) | 
brief : res/test3.txt [238] (1) | 
bright : res/test3.txt [446, 508, 588] (3) | 
brightened : res/test3.txt [412] (1) | 
brighter : res/test3.txt [1, 386] (2) | 
brilliant : res/test3.txt [368] (1) | 
brim : res/test3.txt [31] (1) | 
bring : res/test3.txt [406] (1) | 
bringing : res/test3.txt [660] (1) | 
brings : res/test3.txt [265, 462, 500, 512] (4) | 
brink : res/test3.txt [384] (1) | 
britain : res/test3.txt [27] (1) | 
british : res/test3.txt [1] (1) | 
broad : res/test3.txt [55, 265, 498, 510, 644, 694] (6) | 
broadly : res/test3.txt [191] (1) | 
broke : res/test3.txt [145, 223, 287, 416, 442] (5) | 
broken : res/test3.txt [83, 223, 277, 378, 380, 380, 500] (7) | 
brood : res/test3.txt [353] (1) | 
brooding : res/test3.txt [510] (1) | 
brother : res/test3.txt [119] (1) | 
brought : res/test3.txt [33, 101, 195, 347, 386, 618, 656, 678] (8) | 
brow : res/test3.txt [173, 240, 291, 398] (4) | 
browed : res/test3.txt [45] (1) | 
brown : res/test3.txt [5, 23, 133, 171, 181, 262, 281, 291, 392, 396, 398, 398, 412, 416, 446, 608, 630, 632, 636, 646, 660, 678, 698, 704, 709, 709, 723] (27) | 
brows : res/test3.txt [123, 510] (2) | 
brush : res/test3.txt [117] (1) | 
brute : res/test3.txt [111] (1) | 
bubble : res/test3.txt [275] (1) | 
buckled : res/test3.txt [345] (1) | 
built : res/test3.txt [45] (1) | 
bulk : res/test3.txt [51] (1) | 
bullet : res/test3.txt [656] (1) | 
bunting : res/test3.txt [101] (1) | 
buoyancy : res/test3.txt [410] (1) | 
buoyant : res/test3.txt [410] (1) | 
buried : res/test3.txt [490] (1) | 
burn : res/test3.txt [745] (1) | 
burning : res/test3.txt [470] (1) | 
burnt : res/test3.txt [696] (1) | 
burst : res/test3.txt [275, 366, 378] (3) | 
burton : res/test3.txt [133, 398, 630, 646, 678] (5) | 
bury : res/test3.txt [394] (1) | 
bush : res/test3.txt [135, 285] (2) | 
bushes : res/test3.txt [378] (1) | 
business : res/test3.txt [289, 454, 454, 594, 707] (5) | 
busy : res/test3.txt [594] (1) | 
but : res/test3.txt [1, 1, 1, 5, 13, 15, 23, 27, 29, 33, 33, 45, 45, 49, 53, 55, 55, 55, 55, 55, 61, 71, 111, 111, 111, 121, 149, 151, 167, 171, 179, 179, 181, 181, 183, 191, 195, 195, 197, 209, 211, 215, 223, 223, 225, 226, 226, 232, 236, 236, 240, 240, 246, 248, 264, 264, 264, 273, 277, 285, 285, 289, 291, 293, 297, 305, 313, 327, 331, 345, 351, 351, 362, 368, 370, 372, 378, 378, 380, 380, 386, 386, 386, 386, 394, 396, 398, 398, 398, 406, 412, 424, 438, 446, 450, 454, 460, 460, 462, 462, 462, 462, 466, 470, 470, 474, 476, 498, 500, 500, 502, 508, 510, 510, 510, 512, 534, 538, 540, 540, 542, 550, 560, 560, 560, 564, 570, 572, 578, 580, 580, 586, 586, 588, 588, 588, 598, 600, 600, 600, 600, 602, 602, 602, 608, 608, 608, 608, 608, 608, 608, 608, 608, 612, 612, 614, 618, 620, 622, 630, 630, 632, 636, 638, 640, 642, 642, 644, 650, 650, 656, 660, 660, 662, 668, 668, 674, 678, 678, 678, 678, 682, 682, 694, 696, 698, 698, 704, 704, 704, 707, 709, 709, 723, 725, 729, 731, 731, 731, 731, 733, 733, 733, 733, 735, 735, 737, 737, 737, 737, 739, 739, 739, 741, 741, 743, 745, 745, 745, 749] (220) | 
butchered : res/test3.txt [538] (1) | 
butler : res/test3.txt [139, 223, 279, 506, 508, 624, 628, 628, 630] (9) | 
button : res/test3.txt [55] (1) | 
buttoned : res/test3.txt [644] (1) | 
by : res/test3.txt [1, 3, 3, 13, 15, 25, 25, 33, 33, 33, 33, 35, 35, 45, 51, 55, 65, 81, 83, 91, 95, 101, 111, 125, 127, 139, 139, 159, 161, 161, 179, 195, 223, 223, 225, 225, 236, 265, 265, 277, 287, 315, 319, 337, 345, 355, 362, 378, 380, 382, 384, 390, 398, 446, 450, 454, 500, 500, 510, 534, 534, 550, 556, 560, 588, 600, 600, 600, 632, 632, 632, 632, 650, 658, 662, 668, 682, 682, 682, 686, 707, 719, 733, 737, 745] (85) | 
calendar : res/test3.txt [620] (1) | 
call : res/test3.txt [5, 9, 31, 57, 101, 101, 165, 225, 319, 733, 737, 737] (12) | 
called : res/test3.txt [1, 141, 244, 412, 741] (5) | 
calm : res/test3.txt [382, 682] (2) | 
calmly : res/test3.txt [75] (1) | 
came : res/test3.txt [15, 51, 55, 111, 169, 199, 209, 248, 264, 275, 347, 382, 388, 534, 602, 638, 668, 733, 737] (19) | 
can : res/test3.txt [1, 11, 17, 39, 103, 131, 131, 197, 197, 213, 230, 248, 285, 285, 289, 291, 293, 295, 406, 412, 470, 480, 486, 500, 500, 500, 500, 528, 530, 534, 586, 588, 588, 588, 672, 672, 704, 709, 731, 733] (40) | 
candelabrum : res/test3.txt [360] (1) | 
candor : res/test3.txt [552] (1) | 
cannibal : res/test3.txt [115, 117] (2) | 
cap : res/test3.txt [380] (1) | 
cape : res/test3.txt [236] (1) | 
capers : res/test3.txt [61] (1) | 
capital : res/test3.txt [145] (1) | 
captured : res/test3.txt [658] (1) | 
cards : res/test3.txt [707, 707] (2) | 
care : res/test3.txt [400, 731, 731] (3) | 
careful : res/test3.txt [650] (1) | 
carefully : res/test3.txt [31] (1) | 
caricature : res/test3.txt [25] (1) | 
carried : res/test3.txt [3, 31, 55, 223, 345, 588, 588, 608] (8) | 
carry : res/test3.txt [1, 360] (2) | 
carrying : res/test3.txt [1, 608] (2) | 
case : res/test3.txt [93, 119, 125, 265, 412, 474, 490, 500, 500, 500, 500, 548, 580, 672, 678, 682, 731] (17) | 
cases : res/test3.txt [45, 704, 733] (3) | 
cast : res/test3.txt [25] (1) | 
casual : res/test3.txt [151] (1) | 
casually : res/test3.txt [31, 226] (2) | 
cat : res/test3.txt [157] (1) | 
cathedral : res/test3.txt [739] (1) | 
cattle : res/test3.txt [27] (1) | 
caught : res/test3.txt [57, 223, 372, 556, 556, 737] (6) | 
cause : res/test3.txt [704] (1) | 
causes : res/test3.txt [262] (1) | 
cave : res/test3.txt [682, 682, 688, 688, 707, 709, 723] (7) | 
cavern : res/test3.txt [688] (1) | 
caverns : res/test3.txt [662] (1) | 
caves : res/test3.txt [25, 209, 682] (3) | 
ceased : res/test3.txt [209] (1) | 
celtic : res/test3.txt [23, 33] (2) | 
celts : res/test3.txt [139] (1) | 
cemetery : res/test3.txt [733] (1) | 
center : res/test3.txt [5] (1) | 
centerpiece : res/test3.txt [345] (1) | 
central : res/test3.txt [225, 360, 378] (3) | 
century : res/test3.txt [707] (1) | 
certain : res/test3.txt [89, 89, 426, 426, 534, 534, 620, 620, 682, 737] (10) | 
certainly : res/test3.txt [79, 209, 376, 420, 460, 498, 528, 582, 600, 600, 733] (11) | 
chair : res/test3.txt [139, 305, 506, 526] (4) | 
challenge : res/test3.txt [743] (1) | 
chance : res/test3.txt [5, 99, 125, 556, 674, 737, 739] (7) | 
change : res/test3.txt [179, 264, 390, 729] (4) | 
changed : res/test3.txt [157, 704] (2) | 
changes : res/test3.txt [725] (1) | 
channel : res/test3.txt [390] (1) | 
chapter : res/test3.txt [737] (1) | 
characteristic : res/test3.txt [248] (1) | 
charge : res/test3.txt [713, 717] (2) | 
charges : res/test3.txt [345] (1) | 
charles : res/test3.txt [454] (1) | 
chase : res/test3.txt [739] (1) | 
cheerful : res/test3.txt [364] (1) | 
cheerfulness : res/test3.txt [343] (1) | 
cheese : res/test3.txt [191] (1) | 
chiefly : res/test3.txt [538] (1) | 
child : res/test3.txt [53, 600] (2) | 
children : res/test3.txt [442, 534] (2) | 
chimney : res/test3.txt [682] (1) | 
chin : res/test3.txt [223, 315] (2) | 
chopper : res/test3.txt [17, 396, 498, 632] (4) | 
chucked : res/test3.txt [456] (1) | 
church : res/test3.txt [13, 27] (2) | 
cider : res/test3.txt [566, 576] (2) | 
cigar : res/test3.txt [145, 232, 240, 244] (4) | 
cigarette : res/test3.txt [376] (1) | 
cigars : res/test3.txt [151, 236] (2) | 
circle : res/test3.txt [5, 189, 362] (3) | 
circling : res/test3.txt [181] (1) | 
circulation : res/test3.txt [3, 733] (2) | 
city : res/test3.txt [111, 588] (2) | 
civil : res/test3.txt [1] (1) | 
civilized : res/test3.txt [327] (1) | 
civilly : res/test3.txt [57] (1) | 
claim : res/test3.txt [364] (1) | 
claims : res/test3.txt [125, 127] (2) | 
clan : res/test3.txt [23, 23] (2) | 
clang : res/test3.txt [228, 442] (2) | 
class : res/test3.txt [93] (1) | 
classical : res/test3.txt [345] (1) | 
classicism : res/test3.txt [33] (1) | 
classify : res/test3.txt [731] (1) | 
claus : res/test3.txt [534] (1) | 
clay : res/test3.txt [380] (1) | 
clean : res/test3.txt [398] (1) | 
cleaner : res/test3.txt [498] (1) | 
clear : res/test3.txt [265, 279, 345, 345, 374, 508, 632, 650, 678] (9) | 
clearance : res/test3.txt [725] (1) | 
cleared : res/test3.txt [580, 662] (2) | 
clearer : res/test3.txt [264, 506, 735] (3) | 
clearly : res/test3.txt [225, 226, 384, 731] (4) | 
clefts : res/test3.txt [694] (1) | 
cleverer : res/test3.txt [466] (1) | 
clews : res/test3.txt [739] (1) | 
cliff : res/test3.txt [3, 179, 225, 244, 470, 694, 696] (7) | 
cliffs : res/test3.txt [264, 293] (2) | 
climb : res/test3.txt [195, 341] (2) | 
climbed : res/test3.txt [662, 737] (2) | 
climbing : res/test3.txt [55, 360] (2) | 
clinched : res/test3.txt [398] (1) | 
cloak : res/test3.txt [55, 151] (2) | 
cloister : res/test3.txt [236, 246] (2) | 
close : res/test3.txt [27, 199, 386] (3) | 
closely : res/test3.txt [498, 612] (2) | 
closer : res/test3.txt [51, 225, 376, 398, 470] (5) | 
closing : res/test3.txt [739] (1) | 
clothes : res/test3.txt [3, 55, 55, 119, 398, 644, 696] (7) | 
cloud : res/test3.txt [25, 660] (2) | 
clouds : res/test3.txt [508, 656] (2) | 
cloven : res/test3.txt [386, 694] (2) | 
club : res/test3.txt [189, 215, 380, 733] (4) | 
clump : res/test3.txt [27, 53, 264] (3) | 
coast : res/test3.txt [3, 15, 25, 25, 37, 99, 111, 195, 608, 731] (10) | 
coat : res/test3.txt [55, 236, 658] (3) | 
cobbles : res/test3.txt [345, 584] (2) | 
cockney : res/test3.txt [642] (1) | 
coils : res/test3.txt [510] (1) | 
coincidence : res/test3.txt [733] (1) | 
cold : res/test3.txt [355] (1) | 
coldness : res/test3.txt [680] (1) | 
collar : res/test3.txt [658] (1) | 
collaring : res/test3.txt [628] (1) | 
collect : res/test3.txt [97, 99, 580] (3) | 
collected : res/test3.txt [103] (1) | 
collection : res/test3.txt [590] (1) | 
collided : res/test3.txt [662] (1) | 
colman : res/test3.txt [248] (1) | 
colons : res/test3.txt [33] (1) | 
color : res/test3.txt [101, 608] (2) | 
colored : res/test3.txt [345, 508, 554, 568, 608, 656] (6) | 
colors : res/test3.txt [27, 189, 345, 560] (4) | 
colossal : res/test3.txt [500, 733] (2) | 
columns : res/test3.txt [27] (1) | 
combed : res/test3.txt [23] (1) | 
combination : res/test3.txt [678] (1) | 
combine : res/test3.txt [398] (1) | 
come : res/test3.txt [17, 31, 31, 49, 55, 59, 89, 123, 279, 353, 364, 364, 394, 512, 538, 540, 540, 608, 632, 650, 656] (21) | 
comes : res/test3.txt [103, 117, 232, 285, 678, 686] (6) | 
comfortable : res/test3.txt [696] (1) | 
comic : res/test3.txt [265] (1) | 
coming : res/test3.txt [55, 173, 323, 362, 386, 394, 598, 656] (8) | 
comitted : res/test3.txt [592] (1) | 
commas : res/test3.txt [33] (1) | 
committed : res/test3.txt [462, 594] (2) | 
common : res/test3.txt [15, 55, 137, 139, 265, 380, 538, 540, 608, 640, 704, 735] (12) | 
commonplace : res/test3.txt [265] (1) | 
communities : res/test3.txt [275] (1) | 
companion : res/test3.txt [238, 315, 416, 608] (4) | 
companionable : res/test3.txt [189] (1) | 
companions : res/test3.txt [111, 265, 287] (3) | 
companionship : res/test3.txt [412] (1) | 
company : res/test3.txt [189, 189] (2) | 
comparative : res/test3.txt [265] (1) | 
comparatively : res/test3.txt [119, 362] (2) | 
compare : res/test3.txt [733] (1) | 
compared : res/test3.txt [731] (1) | 
comparing : res/test3.txt [733] (1) | 
comparison : res/test3.txt [25] (1) | 
compassion : res/test3.txt [588] (1) | 
complain : res/test3.txt [733] (1) | 
complete : res/test3.txt [474, 474, 476, 490, 490] (5) | 
completed : res/test3.txt [737] (1) | 
composed : res/test3.txt [5, 510] (2) | 
composure : res/test3.txt [526, 564] (2) | 
compromise : res/test3.txt [1] (1) | 
concealing : res/test3.txt [580] (1) | 
conceded : res/test3.txt [719] (1) | 
conceivably : res/test3.txt [500] (1) | 
conceived : res/test3.txt [398] (1) | 
conclusion : res/test3.txt [289] (1) | 
conclusive : res/test3.txt [678] (1) | 
condemning : res/test3.txt [236] (1) | 
conditions : res/test3.txt [111, 426, 500, 622] (4) | 
confess : res/test3.txt [169] (1) | 
confidence : res/test3.txt [630, 672] (2) | 
confirmed : res/test3.txt [632] (1) | 
confronted : res/test3.txt [733] (1) | 
confusion : res/test3.txt [89] (1) | 
connect : res/test3.txt [500] (1) | 
connected : res/test3.txt [598, 682] (2) | 
connecting : res/test3.txt [15] (1) | 
connoisseur : res/test3.txt [345, 560] (2) | 
conquer : res/test3.txt [285] (1) | 
conscious : res/test3.txt [111] (1) | 
consciously : res/test3.txt [408] (1) | 
consecutively : res/test3.txt [729] (1) | 
consider : res/test3.txt [512, 546] (2) | 
considerable : res/test3.txt [31, 87] (2) | 
considerably : res/test3.txt [570, 612] (2) | 
considerate : res/test3.txt [189] (1) | 
considered : res/test3.txt [620, 745] (2) | 
consisting : res/test3.txt [33] (1) | 
consulting : res/test3.txt [135, 345] (2) | 
consumed : res/test3.txt [111] (1) | 
contentment : res/test3.txt [119] (1) | 
continent : res/test3.txt [111] (1) | 
continued : res/test3.txt [191, 313, 688] (3) | 
contradiction : res/test3.txt [500] (1) | 
contrary : res/test3.txt [406, 735] (2) | 
contrast : res/test3.txt [31, 398, 608] (3) | 
control : res/test3.txt [696] (1) | 
convenient : res/test3.txt [548] (1) | 
conversation : res/test3.txt [5, 157, 566] (3) | 
conversationally : res/test3.txt [147] (1) | 
conversion : res/test3.txt [735] (1) | 
conviction : res/test3.txt [313] (1) | 
convince : res/test3.txt [733] (1) | 
convinced : res/test3.txt [281, 733] (2) | 
convincing : res/test3.txt [327] (1) | 
convulsed : res/test3.txt [223] (1) | 
convulsion : res/test3.txt [386] (1) | 
cool : res/test3.txt [123, 345] (2) | 
coolly : res/test3.txt [570] (1) | 
copper : res/test3.txt [65, 510] (2) | 
copy : res/test3.txt [111] (1) | 
corner : res/test3.txt [23, 23, 139, 207, 360, 446, 498, 636, 731] (9) | 
corners : res/test3.txt [345, 608] (2) | 
cornish : res/test3.txt [3, 5, 33, 61, 85, 139, 165, 189] (8) | 
cornwall : res/test3.txt [23, 23, 33, 165, 197, 707] (6) | 
coroner : res/test3.txt [548] (1) | 
corpse : res/test3.txt [380, 386, 394, 739, 739] (5) | 
correct : res/test3.txt [360] (1) | 
corresponded : res/test3.txt [731] (1) | 
correspondence : res/test3.txt [506] (1) | 
corresponding : res/test3.txt [739] (1) | 
corroborated : res/test3.txt [632] (1) | 
costume : res/test3.txt [410] (1) | 
cot : res/test3.txt [662] (1) | 
cottage : res/test3.txt [53, 55, 396, 408] (4) | 
could : res/test3.txt [1, 3, 81, 179, 189, 221, 225, 225, 264, 285, 293, 345, 378, 380, 384, 390, 394, 442, 460, 474, 474, 476, 506, 508, 510, 510, 526, 556, 556, 574, 588, 590, 600, 602, 656, 729, 731, 733, 735, 739, 739, 739, 739, 741, 741, 745] (46) | 
couldn : res/test3.txt [85, 293, 462, 598, 698] (5) | 
counsel : res/test3.txt [313, 315] (2) | 
counsels : res/test3.txt [277] (1) | 
count : res/test3.txt [357] (1) | 
counted : res/test3.txt [91] (1) | 
countenance : res/test3.txt [179] (1) | 
country : res/test3.txt [117] (1) | 
countryman : res/test3.txt [608] (1) | 
countryside : res/test3.txt [95, 275, 462, 737] (4) | 
county : res/test3.txt [23, 93, 275] (3) | 
courage : res/test3.txt [345] (1) | 
course : res/test3.txt [87, 189, 254, 293, 386, 396, 528, 540, 560, 600, 620, 640, 688, 707, 731] (15) | 
court : res/test3.txt [360, 412] (2) | 
cousin : res/test3.txt [61] (1) | 
cover : res/test3.txt [33] (1) | 
covering : res/test3.txt [634] (1) | 
cowboy : res/test3.txt [345] (1) | 
cracks : res/test3.txt [209, 694] (2) | 
crag : res/test3.txt [739] (1) | 
craggy : res/test3.txt [3] (1) | 
crags : res/test3.txt [35, 662] (2) | 
crammed : res/test3.txt [731] (1) | 
crashing : res/test3.txt [17] (1) | 
crazy : res/test3.txt [197] (1) | 
creating : res/test3.txt [739] (1) | 
creatures : res/test3.txt [111] (1) | 
credulity : res/test3.txt [211] (1) | 
creep : res/test3.txt [608] (1) | 
creepy : res/test3.txt [622] (1) | 
crescent : res/test3.txt [181] (1) | 
crescents : res/test3.txt [25] (1) | 
crested : res/test3.txt [25, 35] (2) | 
crevices : res/test3.txt [25] (1) | 
cried : res/test3.txt [107, 177, 197, 213, 230, 327, 331, 392, 444, 490, 540, 552, 562, 692] (14) | 
cries : res/test3.txt [275] (1) | 
crime : res/test3.txt [380, 462, 580, 588, 739, 739] (6) | 
crimes : res/test3.txt [594] (1) | 
criminal : res/test3.txt [386, 620] (2) | 
criminology : res/test3.txt [731] (1) | 
crimson : res/test3.txt [390] (1) | 
critic : res/test3.txt [33, 33, 93, 209, 550, 588, 656, 731] (8) | 
critical : res/test3.txt [33] (1) | 
critics : res/test3.txt [121] (1) | 
crooked : res/test3.txt [327, 360, 735] (3) | 
cross : res/test3.txt [223, 630] (2) | 
crossed : res/test3.txt [91] (1) | 
crosses : res/test3.txt [345] (1) | 
crowd : res/test3.txt [454, 721, 729] (3) | 
crowds : res/test3.txt [733] (1) | 
crown : res/test3.txt [376, 400] (2) | 
cry : res/test3.txt [733] (1) | 
crystals : res/test3.txt [707, 707] (2) | 
cubic : res/test3.txt [345] (1) | 
cubist : res/test3.txt [612] (1) | 
cubists : res/test3.txt [608] (1) | 
cult : res/test3.txt [608] (1) | 
cultivated : res/test3.txt [33] (1) | 
culture : res/test3.txt [731, 731, 731] (3) | 
cured : res/test3.txt [127] (1) | 
curiosity : res/test3.txt [157, 226, 345, 660, 672] (5) | 
curious : res/test3.txt [103, 119, 151, 211, 236, 630, 634, 678] (8) | 
curled : res/test3.txt [23, 656] (2) | 
curling : res/test3.txt [273] (1) | 
curt : res/test3.txt [301] (1) | 
curtained : res/test3.txt [347] (1) | 
curve : res/test3.txt [424] (1) | 
curving : res/test3.txt [5] (1) | 
customs : res/test3.txt [169] (1) | 
cut : res/test3.txt [25, 61, 61, 179, 345, 378, 380, 398, 454, 528, 534, 636, 644, 656] (14) | 
cutting : res/test3.txt [59] (1) | 
cyclic : res/test3.txt [264] (1) | 
cyclops : res/test3.txt [240] (1) | 
cynicism : res/test3.txt [554] (1) | 
cyprian : res/test3.txt [33, 85, 85, 91, 331, 341, 382, 384, 386, 496, 508, 608] (12) | 
cyprus : res/test3.txt [33, 707] (2) | 
d : res/test3.txt [7, 17, 17, 85, 299, 299, 333, 396, 568, 610, 614, 618] (12) | 
damned : res/test3.txt [319] (1) | 
dance : res/test3.txt [264, 442, 442] (3) | 
danced : res/test3.txt [540] (1) | 
dangerous : res/test3.txt [157, 600] (2) | 
dangerously : res/test3.txt [372] (1) | 
dare : res/test3.txt [197, 474, 562] (3) | 
dared : res/test3.txt [195, 600, 600] (3) | 
darien : res/test3.txt [364] (1) | 
dark : res/test3.txt [75, 111, 111, 111, 111, 119, 137, 139, 139, 165, 173, 205, 225, 225, 236, 240, 244, 246, 264, 269, 388, 394, 394, 398, 574, 598, 608, 656] (28) | 
darkened : res/test3.txt [638] (1) | 
darkening : res/test3.txt [386] (1) | 
darker : res/test3.txt [264] (1) | 
darkest : res/test3.txt [254, 256] (2) | 
darkly : res/test3.txt [608] (1) | 
darting : res/test3.txt [508, 652] (2) | 
daughter : res/test3.txt [3, 3, 15, 49, 89, 175, 225, 291, 733] (9) | 
dawn : res/test3.txt [256, 262, 264, 345] (4) | 
dawned : res/test3.txt [626] (1) | 
day : res/test3.txt [33, 135, 207, 265, 382, 382, 404, 412, 474, 534, 656, 735, 735, 739, 747] (15) | 
daybreak : res/test3.txt [345] (1) | 
daylight : res/test3.txt [189, 265, 733] (3) | 
days : res/test3.txt [33, 195, 386, 534, 534, 642, 696] (7) | 
dazed : res/test3.txt [226] (1) | 
dazzling : res/test3.txt [660] (1) | 
de : res/test3.txt [111] (1) | 
dead : res/test3.txt [101, 291, 293, 293, 307, 400, 640, 733, 733] (9) | 
deadif : res/test3.txt [588] (1) | 
deadly : res/test3.txt [33] (1) | 
deal : res/test3.txt [5, 33, 624, 630] (4) | 
dealing : res/test3.txt [733] (1) | 
dealt : res/test3.txt [93, 733] (2) | 
dear : res/test3.txt [588] (1) | 
death : res/test3.txt [295, 588, 630, 733, 735, 737, 739] (7) | 
deceived : res/test3.txt [528] (1) | 
decided : res/test3.txt [378, 386] (2) | 
decidedly : res/test3.txt [65] (1) | 
decomposition : res/test3.txt [500] (1) | 
deductions : res/test3.txt [448, 450] (2) | 
deep : res/test3.txt [534] (1) | 
defend : res/test3.txt [580, 733] (2) | 
defense : res/test3.txt [313, 315] (2) | 
defensive : res/test3.txt [205] (1) | 
defiance : res/test3.txt [226, 331] (2) | 
defined : res/test3.txt [378] (1) | 
deformed : res/test3.txt [225] (1) | 
degree : res/test3.txt [107] (1) | 
degrees : res/test3.txt [733] (1) | 
deliberate : res/test3.txt [622] (1) | 
deliberately : res/test3.txt [688] (1) | 
delicacy : res/test3.txt [508] (1) | 
delicately : res/test3.txt [289, 719] (2) | 
delighted : res/test3.txt [89, 709] (2) | 
delightful : res/test3.txt [698] (1) | 
delirium : res/test3.txt [731] (1) | 
delusion : res/test3.txt [264] (1) | 
demanded : res/test3.txt [167, 321, 721] (3) | 
demands : res/test3.txt [729] (1) | 
democrat : res/test3.txt [91] (1) | 
demon : res/test3.txt [374] (1) | 
demur : res/test3.txt [745] (1) | 
density : res/test3.txt [378] (1) | 
deny : res/test3.txt [538, 580] (2) | 
departed : res/test3.txt [440] (1) | 
depended : res/test3.txt [682] (1) | 
depth : res/test3.txt [386, 410] (2) | 
descend : res/test3.txt [376] (1) | 
descended : res/test3.txt [3] (1) | 
descending : res/test3.txt [5] (1) | 
description : res/test3.txt [612] (1) | 
desert : res/test3.txt [111, 111] (2) | 
deserts : res/test3.txt [111] (1) | 
deserve : res/test3.txt [588] (1) | 
desire : res/test3.txt [111] (1) | 
desired : res/test3.txt [735] (1) | 
despair : res/test3.txt [600] (1) | 
desperate : res/test3.txt [77] (1) | 
destined : res/test3.txt [5] (1) | 
destroy : res/test3.txt [111, 534] (2) | 
destructive : res/test3.txt [81] (1) | 
detached : res/test3.txt [372, 380, 678] (3) | 
detaching : res/test3.txt [416] (1) | 
detail : res/test3.txt [195, 394, 508, 630] (4) | 
details : res/test3.txt [345, 733] (2) | 
detective : res/test3.txt [410, 620, 622, 642, 648, 652, 656, 674, 692] (9) | 
detectives : res/test3.txt [546] (1) | 
deter : res/test3.txt [410] (1) | 
detours : res/test3.txt [238] (1) | 
developments : res/test3.txt [566] (1) | 
devil : res/test3.txt [117, 230, 260, 717, 733] (5) | 
devils : res/test3.txt [285] (1) | 
devour : res/test3.txt [111] (1) | 
devours : res/test3.txt [199] (1) | 
dew : res/test3.txt [195] (1) | 
did : res/test3.txt [33, 33, 59, 93, 111, 155, 159, 181, 195, 195, 209, 226, 246, 273, 357, 364, 386, 386, 390, 396, 402, 440, 460, 462, 470, 470, 490, 528, 528, 560, 566, 568, 578, 580, 608, 620, 624, 640, 662, 662, 678, 678, 678, 688, 694, 704, 704, 721, 733, 741] (50) | 
didn : res/test3.txt [153, 256, 262, 600, 642] (5) | 
die : res/test3.txt [285, 285, 721, 735] (4) | 
died : res/test3.txt [175, 309, 719, 729, 735, 745] (6) | 
differ : res/test3.txt [588] (1) | 
difference : res/test3.txt [500, 510, 672] (3) | 
different : res/test3.txt [500, 733, 745] (3) | 
differing : res/test3.txt [33] (1) | 
difficult : res/test3.txt [566] (1) | 
difficulties : res/test3.txt [500] (1) | 
digesting : res/test3.txt [374] (1) | 
digging : res/test3.txt [7] (1) | 
dignity : res/test3.txt [676, 733] (2) | 
dim : res/test3.txt [238, 386, 388] (3) | 
dimly : res/test3.txt [394, 656] (2) | 
dine : res/test3.txt [215] (1) | 
dined : res/test3.txt [277] (1) | 
dines : res/test3.txt [197] (1) | 
dining : res/test3.txt [630] (1) | 
dinner : res/test3.txt [189, 248] (2) | 
diplomacy : res/test3.txt [33, 33] (2) | 
diplomatic : res/test3.txt [1, 33] (2) | 
dipped : res/test3.txt [141, 500, 500] (3) | 
directing : res/test3.txt [584] (1) | 
directions : res/test3.txt [378] (1) | 
disappear : res/test3.txt [273, 707] (2) | 
disappearance : res/test3.txt [688, 688, 704, 739] (4) | 
disappearances : res/test3.txt [682] (1) | 
disappeared : res/test3.txt [540, 719] (2) | 
disbelieving : res/test3.txt [534] (1) | 
disc : res/test3.txt [380] (1) | 
discernible : res/test3.txt [656] (1) | 
discipline : res/test3.txt [111] (1) | 
discouraged : res/test3.txt [277] (1) | 
discovered : res/test3.txt [733, 733] (2) | 
discoverer : res/test3.txt [33, 33] (2) | 
discoveries : res/test3.txt [386, 398] (2) | 
discovery : res/test3.txt [189, 277, 400] (3) | 
discuss : res/test3.txt [620] (1) | 
discussed : res/test3.txt [189] (1) | 
diseases : res/test3.txt [733] (1) | 
dislike : res/test3.txt [474] (1) | 
dismiss : res/test3.txt [500] (1) | 
dismissed : res/test3.txt [508] (1) | 
dispassionately : res/test3.txt [668] (1) | 
displeased : res/test3.txt [400] (1) | 
disquiet : res/test3.txt [81] (1) | 
dissuaded : res/test3.txt [600] (1) | 
distance : res/test3.txt [384, 394] (2) | 
distant : res/test3.txt [61, 83, 345] (3) | 
distantly : res/test3.txt [226] (1) | 
distressed : res/test3.txt [281] (1) | 
distrust : res/test3.txt [450] (1) | 
disturbed : res/test3.txt [380] (1) | 
disturbing : res/test3.txt [141] (1) | 
diving : res/test3.txt [360, 386] (2) | 
do : res/test3.txt [9, 61, 61, 67, 69, 73, 107, 125, 125, 127, 135, 161, 167, 203, 219, 260, 271, 281, 285, 289, 333, 337, 339, 345, 353, 406, 474, 500, 502, 518, 528, 534, 534, 534, 538, 540, 560, 560, 574, 580, 584, 600, 642, 654, 654, 672, 678, 704, 704, 731, 733, 733, 733, 733, 745] (55) | 
doctor : res/test3.txt [93, 119, 137, 139, 139, 141, 171, 173, 179, 179, 179, 183, 189, 236, 240, 248, 275, 277, 281, 283, 285, 285, 291, 299, 351, 392, 394, 394, 396, 398, 398, 400, 400, 408, 410, 412, 416, 426, 436, 454, 454, 600, 632, 632, 632, 632, 636, 636, 656, 658, 660, 666, 672, 676, 682, 698, 704, 704, 706, 709, 709, 711, 719, 723, 727, 729, 739, 745, 745, 747] (70) | 
doctoring : res/test3.txt [285] (1) | 
doctors : res/test3.txt [636] (1) | 
does : res/test3.txt [303, 303, 486, 500, 628] (5) | 
doesn : res/test3.txt [123] (1) | 
dog : res/test3.txt [416, 418] (2) | 
doggedly : res/test3.txt [7] (1) | 
doing : res/test3.txt [1, 81, 392, 600, 610, 650, 672] (7) | 
dolphins : res/test3.txt [345, 568] (2) | 
domestic : res/test3.txt [5, 353] (2) | 
don : res/test3.txt [9, 47, 87, 117, 117, 135, 137, 141, 149, 159, 161, 163, 191, 211, 211, 211, 211, 215, 230, 232, 297, 305, 313, 317, 327, 327, 327, 327, 353, 406, 434, 462, 500, 534, 548, 552, 562, 564, 564, 616, 630, 652, 674, 682, 737, 741] (46) | 
done : res/test3.txt [291, 341, 386, 406, 436, 500, 548, 588, 600, 600, 656, 707] (12) | 
doom : res/test3.txt [506] (1) | 
door : res/test3.txt [211, 228, 600, 630, 694] (5) | 
doorway : res/test3.txt [656] (1) | 
dorado : res/test3.txt [588] (1) | 
dotted : res/test3.txt [345] (1) | 
double : res/test3.txt [412] (1) | 
doubt : res/test3.txt [378, 424, 440, 474, 745] (5) | 
doubtful : res/test3.txt [79, 656] (2) | 
doubtfully : res/test3.txt [600] (1) | 
doubtless : res/test3.txt [225, 608, 682, 737] (4) | 
doubts : res/test3.txt [380] (1) | 
down : res/test3.txt [3, 3, 17, 29, 51, 53, 53, 55, 101, 111, 111, 141, 179, 179, 195, 301, 345, 372, 376, 380, 380, 386, 386, 394, 394, 394, 396, 408, 456, 462, 488, 498, 500, 534, 610, 618, 630, 662, 662, 662, 668, 733, 737] (43) | 
dr : res/test3.txt [133, 262, 398, 630, 646] (5) | 
draconian : res/test3.txt [25] (1) | 
dragging : res/test3.txt [406, 412, 440] (3) | 
dragon : res/test3.txt [27, 199] (2) | 
dragons : res/test3.txt [19] (1) | 
drained : res/test3.txt [576] (1) | 
dramatic : res/test3.txt [99, 101] (2) | 
drawing : res/test3.txt [269] (1) | 
drawled : res/test3.txt [71, 337] (2) | 
drawn : res/test3.txt [25, 101, 248] (3) | 
dreadful : res/test3.txt [474, 512, 512] (3) | 
dream : res/test3.txt [171, 207, 223, 238] (4) | 
dreamily : res/test3.txt [512] (1) | 
dreamland : res/test3.txt [207, 264] (2) | 
dreams : res/test3.txt [169, 264, 608] (3) | 
dress : res/test3.txt [394] (1) | 
dressed : res/test3.txt [31, 398] (2) | 
drew : res/test3.txt [123, 265, 600] (3) | 
dried : res/test3.txt [642] (1) | 
drier : res/test3.txt [688] (1) | 
drifted : res/test3.txt [101] (1) | 
drink : res/test3.txt [588, 588] (2) | 
drinking : res/test3.txt [566] (1) | 
drinks : res/test3.txt [588] (1) | 
drive : res/test3.txt [608] (1) | 
driven : res/test3.txt [454] (1) | 
drooping : res/test3.txt [331] (1) | 
drop : res/test3.txt [707] (1) | 
dropped : res/test3.txt [223, 331, 351, 620] (4) | 
drove : res/test3.txt [534] (1) | 
drugged : res/test3.txt [534] (1) | 
drum : res/test3.txt [169] (1) | 
drunk : res/test3.txt [195] (1) | 
drunkard : res/test3.txt [426] (1) | 
dry : res/test3.txt [480, 482, 486, 486, 494, 498, 500, 508, 540, 588, 640, 688, 688] (13) | 
dryly : res/test3.txt [291] (1) | 
due : res/test3.txt [544] (1) | 
dull : res/test3.txt [446, 498] (2) | 
dully : res/test3.txt [374] (1) | 
during : res/test3.txt [65, 279, 510] (3) | 
dust : res/test3.txt [640] (1) | 
duties : res/test3.txt [538, 668, 668] (3) | 
duty : res/test3.txt [141, 303, 656, 739] (4) | 
dwarf : res/test3.txt [179] (1) | 
each : res/test3.txt [25, 65, 189, 264] (4) | 
eager : res/test3.txt [412] (1) | 
early : res/test3.txt [265, 265, 546, 739] (4) | 
earth : res/test3.txt [25, 111, 380, 700] (4) | 
ease : res/test3.txt [380] (1) | 
easel : res/test3.txt [608, 650, 656, 658, 660, 739] (6) | 
easier : res/test3.txt [93] (1) | 
easily : res/test3.txt [474] (1) | 
easy : res/test3.txt [378, 608] (2) | 
eating : res/test3.txt [47, 167, 191, 191, 191, 193, 195, 351] (8) | 
eats : res/test3.txt [159] (1) | 
eccentric : res/test3.txt [151, 189, 265] (3) | 
eddy : res/test3.txt [682] (1) | 
edge : res/test3.txt [225, 386, 412, 500] (4) | 
edged : res/test3.txt [390] (1) | 
edges : res/test3.txt [345] (1) | 
educated : res/test3.txt [197, 735] (2) | 
education : res/test3.txt [1, 1, 169, 275] (4) | 
eels : res/test3.txt [442] (1) | 
effect : res/test3.txt [226, 574, 608, 733] (4) | 
effecting : res/test3.txt [1] (1) | 
effort : res/test3.txt [376, 418, 426] (3) | 
efforts : res/test3.txt [412] (1) | 
either : res/test3.txt [1, 207, 510, 528, 608] (5) | 
ejaculated : res/test3.txt [717] (1) | 
el : res/test3.txt [588] (1) | 
elaborate : res/test3.txt [737] (1) | 
elderly : res/test3.txt [1] (1) | 
elegantly : res/test3.txt [191] (1) | 
elementary : res/test3.txt [682] (1) | 
elements : res/test3.txt [121] (1) | 
eleven : res/test3.txt [135] (1) | 
elf : res/test3.txt [187] (1) | 
elfland : res/test3.txt [588] (1) | 
elizabethan : res/test3.txt [101, 163, 163] (3) | 
ellipse : res/test3.txt [384] (1) | 
else : res/test3.txt [248, 279, 293, 460, 598, 729] (6) | 
em : res/test3.txt [17, 21] (2) | 
embarrassed : res/test3.txt [55] (1) | 
embarrassment : res/test3.txt [89] (1) | 
embassy : res/test3.txt [506] (1) | 
embers : res/test3.txt [33] (1) | 
embowered : res/test3.txt [53] (1) | 
emerald : res/test3.txt [25, 360] (2) | 
employed : res/test3.txt [45] (1) | 
empty : res/test3.txt [181, 240, 246, 606, 608] (5) | 
enchanted : res/test3.txt [538, 540] (2) | 
encountered : res/test3.txt [15] (1) | 
end : res/test3.txt [25, 101, 103, 113, 135, 135, 234, 240, 620, 628, 662, 698, 733, 739] (14) | 
ended : res/test3.txt [111, 608] (2) | 
enemies : res/test3.txt [285] (1) | 
energetic : res/test3.txt [733] (1) | 
energy : res/test3.txt [410, 660, 739] (3) | 
engaged : res/test3.txt [518] (1) | 
engineer : res/test3.txt [398] (1) | 
england : res/test3.txt [3, 23, 23, 91, 139, 707] (6) | 
english : res/test3.txt [1, 1, 1] (3) | 
enigmatic : res/test3.txt [79] (1) | 
enjoy : res/test3.txt [53] (1) | 
enjoyed : res/test3.txt [608] (1) | 
enlightened : res/test3.txt [568, 622] (2) | 
enormous : res/test3.txt [500] (1) | 
enough : res/test3.txt [3, 17, 55, 55, 75, 151, 199, 226, 277, 534, 534, 588, 688, 707, 733, 747] (16) | 
enrichment : res/test3.txt [382] (1) | 
enter : res/test3.txt [1] (1) | 
entered : res/test3.txt [359] (1) | 
entertained : res/test3.txt [408] (1) | 
enthusiasm : res/test3.txt [550] (1) | 
enthusiastic : res/test3.txt [41] (1) | 
entirely : res/test3.txt [500, 502, 580, 735] (4) | 
entrance : res/test3.txt [386, 723] (2) | 
entry : res/test3.txt [225, 347] (2) | 
envy : res/test3.txt [313] (1) | 
epidemics : res/test3.txt [197] (1) | 
epitaph : res/test3.txt [380] (1) | 
epitaphs : res/test3.txt [189] (1) | 
equal : res/test3.txt [85] (1) | 
equipment : res/test3.txt [386] (1) | 
equivocal : res/test3.txt [123] (1) | 
erected : res/test3.txt [656] (1) | 
escapade : res/test3.txt [721] (1) | 
escape : res/test3.txt [508, 672] (2) | 
especially : res/test3.txt [1, 345, 378, 600, 608] (5) | 
essential : res/test3.txt [378] (1) | 
establishment : res/test3.txt [5] (1) | 
estate : res/test3.txt [299, 534, 608] (3) | 
estates : res/test3.txt [163] (1) | 
eternal : res/test3.txt [362] (1) | 
ethical : res/test3.txt [191] (1) | 
europe : res/test3.txt [707] (1) | 
european : res/test3.txt [31, 31] (2) | 
evaporate : res/test3.txt [640] (1) | 
evaporated : res/test3.txt [195] (1) | 
eve : res/test3.txt [195, 552] (2) | 
even : res/test3.txt [5, 23, 27, 31, 33, 33, 83, 91, 139, 189, 189, 189, 195, 197, 215, 226, 264, 265, 277, 277, 285, 353, 360, 374, 378, 380, 386, 408, 426, 442, 476, 482, 528, 528, 538, 538, 538, 546, 560, 560, 586, 608, 608, 612, 628, 660, 660, 682, 686, 688, 702, 704, 731, 731, 733, 735, 741, 743] (58) | 
evening : res/test3.txt [111, 189, 189, 209, 319, 382, 398] (7) | 
events : res/test3.txt [735] (1) | 
eventually : res/test3.txt [225] (1) | 
ever : res/test3.txt [366, 580, 588, 592, 678, 682, 713, 729, 737, 741] (10) | 
every : res/test3.txt [5, 101, 135, 197, 209, 378, 508, 540, 592, 632] (10) | 
everybody : res/test3.txt [47, 47, 215, 630, 707, 733] (6) | 
everything : res/test3.txt [27, 47, 53, 189, 291, 538, 550, 640, 696, 709] (10) | 
everywhere : res/test3.txt [5, 694, 704, 704, 704] (5) | 
evidence : res/test3.txt [327, 632, 632, 632, 636, 678, 678, 713, 745, 749] (10) | 
evident : res/test3.txt [735] (1) | 
evidently : res/test3.txt [608] (1) | 
evil : res/test3.txt [111, 264, 534] (3) | 
ex : res/test3.txt [117] (1) | 
exact : res/test3.txt [723] (1) | 
exactly : res/test3.txt [436, 731, 733, 733] (4) | 
exaggerate : res/test3.txt [406] (1) | 
examination : res/test3.txt [410, 632] (2) | 
examined : res/test3.txt [382, 400, 408, 630] (4) | 
example : res/test3.txt [13] (1) | 
exasperation : res/test3.txt [5] (1) | 
exceedingly : res/test3.txt [29] (1) | 
excellently : res/test3.txt [608] (1) | 
except : res/test3.txt [61, 71, 93, 707, 731, 731, 739] (7) | 
exception : res/test3.txt [374] (1) | 
exceptions : res/test3.txt [733] (1) | 
excitement : res/test3.txt [213, 265, 325, 490] (4) | 
exclaimed : res/test3.txt [115] (1) | 
exclusively : res/test3.txt [33] (1) | 
excuse : res/test3.txt [57, 185, 588, 588, 594, 632] (6) | 
excusing : res/test3.txt [588] (1) | 
exile : res/test3.txt [91] (1) | 
exist : res/test3.txt [123] (1) | 
existed : res/test3.txt [121] (1) | 
exit : res/test3.txt [380] (1) | 
expectancy : res/test3.txt [265] (1) | 
expected : res/test3.txt [386, 510, 510, 566, 600] (5) | 
expecting : res/test3.txt [265] (1) | 
experience : res/test3.txt [91, 277, 682] (3) | 
experiences : res/test3.txt [265] (1) | 
experiment : res/test3.txt [265, 410, 600] (3) | 
explain : res/test3.txt [614, 733, 735] (3) | 
explained : res/test3.txt [620, 678] (2) | 
explaining : res/test3.txt [640] (1) | 
explains : res/test3.txt [682] (1) | 
explanation : res/test3.txt [500, 500, 642, 709, 729, 733, 733, 733] (8) | 
explicable : res/test3.txt [510] (1) | 
explicit : res/test3.txt [15] (1) | 
exploitation : res/test3.txt [169] (1) | 
expostulations : res/test3.txt [729] (1) | 
expressed : res/test3.txt [364] (1) | 
expressions : res/test3.txt [612] (1) | 
exquisite : res/test3.txt [31] (1) | 
extends : res/test3.txt [500] (1) | 
extent : res/test3.txt [25] (1) | 
extra : res/test3.txt [353] (1) | 
extraction : res/test3.txt [1, 1] (2) | 
extraordinary : res/test3.txt [590, 592] (2) | 
extreme : res/test3.txt [612] (1) | 
extremity : res/test3.txt [3] (1) | 
eye : res/test3.txt [240, 345, 374, 374, 424] (5) | 
eyebrows : res/test3.txt [295] (1) | 
eyed : res/test3.txt [345] (1) | 
eyes : res/test3.txt [25, 65, 355, 368, 424, 484, 542, 580, 588, 588, 598, 608, 741] (13) | 
fables : res/test3.txt [105] (1) | 
face : res/test3.txt [3, 3, 23, 55, 65, 71, 139, 173, 179, 179, 223, 223, 240, 260, 279, 285, 380, 398, 398, 470, 506, 574, 598, 602, 602, 644, 654, 662, 694, 696, 751] (31) | 
faced : res/test3.txt [151, 500, 508] (3) | 
faces : res/test3.txt [139] (1) | 
facie : res/test3.txt [500] (1) | 
facing : res/test3.txt [398] (1) | 
fact : res/test3.txt [5, 179, 236, 240, 275, 372, 398, 404, 406, 512, 524, 566, 725, 731, 733, 733, 733] (17) | 
factitious : res/test3.txt [650] (1) | 
factor : res/test3.txt [500] (1) | 
facts : res/test3.txt [33, 500, 731, 733, 733, 733, 733] (7) | 
fad : res/test3.txt [454] (1) | 
failure : res/test3.txt [1] (1) | 
faint : res/test3.txt [27, 101, 386, 476, 602, 608] (6) | 
faintly : res/test3.txt [264] (1) | 
fair : res/test3.txt [608, 656] (2) | 
fairies : res/test3.txt [137, 187, 187] (3) | 
fairly : res/test3.txt [672] (1) | 
fairy : res/test3.txt [5, 135, 538, 540] (4) | 
fairyland : res/test3.txt [37] (1) | 
falcon : res/test3.txt [588] (1) | 
fall : res/test3.txt [111, 416, 608] (3) | 
fallacious : res/test3.txt [93] (1) | 
fallacy : res/test3.txt [588] (1) | 
fallen : res/test3.txt [33, 107, 187, 293, 359, 729] (6) | 
falling : res/test3.txt [248] (1) | 
false : res/test3.txt [548, 656, 741] (3) | 
familiar : res/test3.txt [57, 240, 729] (3) | 
families : res/test3.txt [23, 163] (2) | 
family : res/test3.txt [23, 31, 93, 139, 165, 277, 502] (7) | 
famous : res/test3.txt [33, 345] (2) | 
fanatical : res/test3.txt [454] (1) | 
fancied : res/test3.txt [223, 386, 656] (3) | 
fancies : res/test3.txt [223, 600] (2) | 
fanciful : res/test3.txt [400, 632] (2) | 
fancy : res/test3.txt [27, 39, 61, 103, 135, 264, 265, 374, 386, 406, 420, 426, 460, 528, 534, 572, 600, 604, 731, 733, 745] (21) | 
fantastic : res/test3.txt [25, 35, 246, 386] (4) | 
far : res/test3.txt [5, 33, 165, 199, 225, 248, 277, 442, 500, 608, 628, 640, 698, 709, 733] (15) | 
farce : res/test3.txt [234, 374] (2) | 
farms : res/test3.txt [265] (1) | 
farther : res/test3.txt [275, 275] (2) | 
farthest : res/test3.txt [27] (1) | 
farthing : res/test3.txt [588] (1) | 
fascinating : res/test3.txt [129] (1) | 
fashion : res/test3.txt [23, 55, 285, 349] (4) | 
fashionable : res/test3.txt [588] (1) | 
fast : res/test3.txt [630] (1) | 
fastidious : res/test3.txt [195] (1) | 
fate : res/test3.txt [538] (1) | 
father : res/test3.txt [3, 285, 510, 528, 528, 534, 534, 538, 600] (9) | 
fathers : res/test3.txt [741] (1) | 
fatigue : res/test3.txt [400] (1) | 
fault : res/test3.txt [508, 628] (2) | 
faults : res/test3.txt [628] (1) | 
favor : res/test3.txt [546, 668] (2) | 
fear : res/test3.txt [71, 111, 265, 319, 502, 733, 733, 739, 739] (9) | 
feather : res/test3.txt [374] (1) | 
feathers : res/test3.txt [111, 380, 656] (3) | 
feathery : res/test3.txt [729] (1) | 
features : res/test3.txt [31] (1) | 
fed : res/test3.txt [374] (1) | 
feebleness : res/test3.txt [53] (1) | 
feel : res/test3.txt [17, 91, 93, 111, 115, 117, 157, 364, 534, 534, 552, 670] (12) | 
feeling : res/test3.txt [81, 117, 476, 476, 608] (5) | 
feelings : res/test3.txt [1, 602] (2) | 
feet : res/test3.txt [248, 265, 380, 418, 542, 570, 648] (7) | 
fell : res/test3.txt [81, 181, 189, 238, 442, 468, 644] (7) | 
fellow : res/test3.txt [145, 295, 572, 572] (4) | 
felt : res/test3.txt [1, 23, 139, 139, 187, 209, 238, 345, 362, 372, 508, 600, 660, 696] (14) | 
fencing : res/test3.txt [205] (1) | 
ferryman : res/test3.txt [45] (1) | 
fever : res/test3.txt [15, 197, 285, 396, 731, 733, 733, 735, 735, 745] (10) | 
few : res/test3.txt [45, 189, 240, 264, 275, 285, 380, 508, 672, 694, 704, 707] (12) | 
field : res/test3.txt [345, 390] (2) | 
fields : res/test3.txt [265, 345] (2) | 
fiend : res/test3.txt [739] (1) | 
fierce : res/test3.txt [221] (1) | 
fiercely : res/test3.txt [3] (1) | 
fifteen : res/test3.txt [668] (1) | 
fifty : res/test3.txt [23] (1) | 
fighting : res/test3.txt [345] (1) | 
figure : res/test3.txt [3, 23, 55, 55, 119, 151, 173, 347, 388, 390, 394, 638, 656, 737] (14) | 
filled : res/test3.txt [111, 264] (2) | 
fills : res/test3.txt [682] (1) | 
final : res/test3.txt [360, 440, 510] (3) | 
finality : res/test3.txt [228] (1) | 
finally : res/test3.txt [35, 111, 632, 662, 733] (5) | 
find : res/test3.txt [5, 111, 281, 295, 319, 440, 564, 588, 608, 608, 668, 729, 733] (13) | 
finds : res/test3.txt [632] (1) | 
fine : res/test3.txt [3, 9, 31, 99, 508] (5) | 
finger : res/test3.txt [57, 81, 109, 400, 400, 436] (6) | 
fingers : res/test3.txt [105] (1) | 
finished : res/test3.txt [3] (1) | 
fire : res/test3.txt [386, 390, 602] (3) | 
firm : res/test3.txt [283] (1) | 
firmament : res/test3.txt [362] (1) | 
firmly : res/test3.txt [195, 510] (2) | 
first : res/test3.txt [101, 139, 264, 277, 315, 360, 360, 366, 370, 380, 404, 450, 474, 504, 510, 534, 534, 534, 534, 548, 548, 600, 612, 620, 632, 642, 662, 680, 688, 709, 711, 713, 723, 723, 725, 731, 733, 735, 737, 739] (40) | 
fish : res/test3.txt [93] (1) | 
fished : res/test3.txt [540] (1) | 
fisher : res/test3.txt [408, 662] (2) | 
fisherman : res/test3.txt [45, 55, 195, 195, 396, 636, 642, 678, 678] (9) | 
fishermen : res/test3.txt [406] (1) | 
fishers : res/test3.txt [57] (1) | 
fishing : res/test3.txt [406, 442, 678] (3) | 
fit : res/test3.txt [396, 500, 500] (3) | 
fitted : res/test3.txt [31, 93, 410, 432] (4) | 
fitting : res/test3.txt [534] (1) | 
fittingly : res/test3.txt [550] (1) | 
five : res/test3.txt [23, 277, 620, 620, 624] (5) | 
fix : res/test3.txt [590] (1) | 
fixed : res/test3.txt [698] (1) | 
flame : res/test3.txt [33, 490] (2) | 
flaming : res/test3.txt [217] (1) | 
flanked : res/test3.txt [3] (1) | 
flapped : res/test3.txt [656] (1) | 
flash : res/test3.txt [135, 179, 360, 380, 658, 729] (6) | 
flat : res/test3.txt [380, 446] (2) | 
flattening : res/test3.txt [636] (1) | 
flatter : res/test3.txt [704] (1) | 
fled : res/test3.txt [386, 660] (2) | 
fleeing : res/test3.txt [27] (1) | 
flesh : res/test3.txt [285] (1) | 
flew : res/test3.txt [111] (1) | 
flighty : res/test3.txt [189] (1) | 
flippantly : res/test3.txt [256] (1) | 
floated : res/test3.txt [151] (1) | 
floor : res/test3.txt [360] (1) | 
flowers : res/test3.txt [53, 662] (2) | 
flown : res/test3.txt [293] (1) | 
flung : res/test3.txt [737] (1) | 
flying : res/test3.txt [3, 181, 536, 660, 660] (5) | 
foliage : res/test3.txt [362] (1) | 
folk : res/test3.txt [61] (1) | 
follies : res/test3.txt [380] (1) | 
follow : res/test3.txt [236, 502, 600, 650, 660] (5) | 
followed : res/test3.txt [91, 145, 265, 323, 620, 704, 733, 737] (8) | 
following : res/test3.txt [394] (1) | 
fond : res/test3.txt [704] (1) | 
food : res/test3.txt [404] (1) | 
fool : res/test3.txt [576] (1) | 
fools : res/test3.txt [704, 741] (2) | 
foolscap : res/test3.txt [612] (1) | 
foot : res/test3.txt [360] (1) | 
foothold : res/test3.txt [360] (1) | 
for : res/test3.txt [3, 3, 15, 23, 23, 33, 41, 71, 71, 93, 99, 111, 111, 113, 121, 123, 135, 137, 141, 141, 151, 151, 155, 163, 165, 179, 189, 189, 189, 189, 211, 219, 221, 223, 226, 238, 240, 244, 248, 264, 265, 273, 277, 277, 277, 285, 285, 285, 311, 313, 315, 323, 345, 345, 345, 345, 355, 359, 360, 360, 374, 376, 378, 380, 380, 380, 384, 384, 386, 386, 386, 390, 396, 396, 398, 398, 400, 400, 404, 406, 406, 406, 406, 410, 416, 442, 450, 454, 456, 462, 462, 462, 470, 500, 502, 504, 512, 528, 528, 532, 532, 534, 538, 538, 540, 546, 550, 550, 560, 560, 566, 572, 580, 580, 586, 586, 588, 588, 588, 588, 590, 600, 608, 608, 608, 608, 608, 620, 630, 636, 640, 640, 650, 656, 660, 660, 662, 662, 668, 668, 668, 670, 672, 678, 682, 688, 694, 698, 704, 707, 707, 711, 727, 727, 729, 729, 731, 731, 731, 731, 733, 737, 737, 739, 739, 739, 739, 745, 745, 745, 747, 751] (172) | 
forced : res/test3.txt [362] (1) | 
forehead : res/test3.txt [187] (1) | 
foreign : res/test3.txt [5, 5, 15, 696] (4) | 
foreshadowing : res/test3.txt [737] (1) | 
foreshore : res/test3.txt [45, 723] (2) | 
forest : res/test3.txt [111, 179, 386, 733] (4) | 
forever : res/test3.txt [698] (1) | 
forget : res/test3.txt [572] (1) | 
forgetting : res/test3.txt [620] (1) | 
forgive : res/test3.txt [244, 285, 502, 737] (4) | 
forgotten : res/test3.txt [31, 31, 380, 725] (4) | 
fork : res/test3.txt [360] (1) | 
forking : res/test3.txt [378] (1) | 
forlorn : res/test3.txt [412] (1) | 
formalities : res/test3.txt [739] (1) | 
formality : res/test3.txt [31] (1) | 
formed : res/test3.txt [5, 27] (2) | 
formidable : res/test3.txt [538] (1) | 
forming : res/test3.txt [189] (1) | 
forth : res/test3.txt [111, 111, 277, 729] (4) | 
fortunate : res/test3.txt [580] (1) | 
forward : res/test3.txt [183, 187, 225, 325] (4) | 
found : res/test3.txt [85, 151, 240, 345, 345, 360, 374, 394, 394, 454, 508, 540, 548, 566, 578, 600, 608, 612, 620, 624, 630, 678, 678, 731, 733, 733, 733, 735, 739, 739, 741] (31) | 
foundations : res/test3.txt [360] (1) | 
fountain : res/test3.txt [386] (1) | 
four : res/test3.txt [412] (1) | 
fourteen : res/test3.txt [727] (1) | 
fragments : res/test3.txt [418] (1) | 
framed : res/test3.txt [23] (1) | 
frankly : res/test3.txt [460, 500, 528] (3) | 
frayed : res/test3.txt [400] (1) | 
free : res/test3.txt [660] (1) | 
freed : res/test3.txt [111] (1) | 
freer : res/test3.txt [165] (1) | 
fresco : res/test3.txt [608] (1) | 
fresh : res/test3.txt [704, 723] (2) | 
fretted : res/test3.txt [25] (1) | 
friday : res/test3.txt [215] (1) | 
friend : res/test3.txt [41, 57, 85, 163, 265, 319, 319, 323, 345, 386, 438, 502, 538, 566, 608, 672, 672, 674] (18) | 
friendly : res/test3.txt [139] (1) | 
friends : res/test3.txt [33, 187, 277, 672, 721] (5) | 
friendship : res/test3.txt [672] (1) | 
fringed : res/test3.txt [3, 246] (2) | 
fro : res/test3.txt [236, 470] (2) | 
from : res/test3.txt [3, 5, 5, 25, 31, 33, 33, 33, 45, 55, 93, 101, 101, 107, 111, 111, 111, 117, 135, 135, 137, 145, 173, 189, 195, 211, 225, 236, 248, 262, 265, 265, 275, 277, 277, 279, 285, 287, 289, 331, 331, 345, 360, 360, 364, 372, 372, 378, 378, 380, 380, 384, 384, 384, 410, 416, 432, 462, 506, 506, 508, 508, 510, 534, 540, 552, 588, 588, 618, 628, 630, 632, 640, 658, 674, 678, 682, 682, 692, 694, 694, 696, 707, 715, 733, 733, 737, 743] (88) | 
front : res/test3.txt [25, 195, 236, 608, 634] (5) | 
fronted : res/test3.txt [566] (1) | 
frown : res/test3.txt [380] (1) | 
frowning : res/test3.txt [400, 414, 568] (3) | 
fruit : res/test3.txt [412, 412] (2) | 
fugitive : res/test3.txt [662, 662] (2) | 
full : res/test3.txt [181, 388, 500, 500, 620, 729] (6) | 
fullness : res/test3.txt [53] (1) | 
fully : res/test3.txt [1, 275, 564] (3) | 
fumbling : res/test3.txt [285] (1) | 
fun : res/test3.txt [600] (1) | 
funeral : res/test3.txt [390, 396] (2) | 
funereal : res/test3.txt [394, 410] (2) | 
fungoids : res/test3.txt [360] (1) | 
fungus : res/test3.txt [370] (1) | 
funnel : res/test3.txt [682] (1) | 
furiously : res/test3.txt [260, 404] (2) | 
further : res/test3.txt [33, 380, 400, 410, 632] (5) | 
fuss : res/test3.txt [230, 293] (2) | 
futility : res/test3.txt [248] (1) | 
future : res/test3.txt [662] (1) | 
gait : res/test3.txt [173] (1) | 
gale : res/test3.txt [197, 696] (2) | 
gallows : res/test3.txt [584] (1) | 
gap : res/test3.txt [225] (1) | 
garb : res/test3.txt [396] (1) | 
garden : res/test3.txt [3, 3, 3, 49, 51, 81, 93, 111, 151, 163, 189, 236, 236, 238, 265, 277, 287, 345, 347, 376, 462, 506, 534, 608, 620, 622, 650, 652, 656, 662, 741] (31) | 
gardener : res/test3.txt [5, 5, 11, 23, 632, 741] (6) | 
gardening : res/test3.txt [608] (1) | 
garen : res/test3.txt [207] (1) | 
gate : res/test3.txt [388] (1) | 
gates : res/test3.txt [1] (1) | 
gateway : res/test3.txt [225, 275, 347] (3) | 
gathered : res/test3.txt [101, 189, 275] (3) | 
gave : res/test3.txt [1, 327, 345, 394, 608, 739] (6) | 
gay : res/test3.txt [101, 345] (2) | 
gazed : res/test3.txt [55, 638] (2) | 
gazing : res/test3.txt [35, 187, 248, 311, 372, 374, 690, 706] (8) | 
geese : res/test3.txt [33] (1) | 
general : res/test3.txt [13, 163] (2) | 
generally : res/test3.txt [45, 398, 600] (3) | 
generations : res/test3.txt [285] (1) | 
genial : res/test3.txt [89] (1) | 
genially : res/test3.txt [698] (1) | 
genius : res/test3.txt [550, 586] (2) | 
gentleman : res/test3.txt [15, 33, 119, 630, 630, 630, 668, 715, 739] (9) | 
gentlemen : res/test3.txt [572, 584, 620, 620, 624, 698, 739] (7) | 
gently : res/test3.txt [586] (1) | 
gentry : res/test3.txt [169] (1) | 
gesture : res/test3.txt [81, 163, 221, 394, 478] (5) | 
gestures : res/test3.txt [608] (1) | 
get : res/test3.txt [7, 17, 406, 608, 672, 704, 735, 739] (8) | 
gets : res/test3.txt [207] (1) | 
getting : res/test3.txt [528] (1) | 
ghost : res/test3.txt [236, 236, 622, 622] (4) | 
ghosts : res/test3.txt [5, 745] (2) | 
giantess : res/test3.txt [608] (1) | 
giants : res/test3.txt [111, 733] (2) | 
gift : res/test3.txt [550] (1) | 
gigantic : res/test3.txt [179] (1) | 
gilded : res/test3.txt [179] (1) | 
girl : res/test3.txt [3, 29, 59, 81, 143, 187, 285, 299, 506, 510, 552, 560] (12) | 
give : res/test3.txt [498, 500, 548, 614, 632, 731] (6) | 
glad : res/test3.txt [277, 305, 664] (3) | 
glance : res/test3.txt [386, 396] (2) | 
glances : res/test3.txt [269] (1) | 
glass : res/test3.txt [345, 608] (2) | 
gleaming : res/test3.txt [446] (1) | 
gleams : res/test3.txt [386] (1) | 
glimmer : res/test3.txt [386] (1) | 
glimpse : res/test3.txt [53, 264] (2) | 
globe : res/test3.txt [195] (1) | 
gloomily : res/test3.txt [5] (1) | 
gloomy : res/test3.txt [388] (1) | 
glorious : res/test3.txt [3] (1) | 
gloves : res/test3.txt [394, 638] (2) | 
glow : res/test3.txt [388] (1) | 
glowing : res/test3.txt [53, 189] (2) | 
go : res/test3.txt [23, 111, 211, 215, 230, 267, 269, 285, 462, 470, 470, 500, 504, 538, 538, 540, 580, 590, 600, 618, 618, 630, 650] (23) | 
goaded : res/test3.txt [470] (1) | 
goal : res/test3.txt [380] (1) | 
god : res/test3.txt [195, 211, 256, 285, 285, 534, 560] (7) | 
goes : res/test3.txt [165] (1) | 
going : res/test3.txt [289, 299, 299, 339, 341, 462, 544, 698] (8) | 
gold : res/test3.txt [345] (1) | 
gone : res/test3.txt [95, 221, 228, 240, 248, 305, 386, 454, 462, 490, 572, 572, 608, 608, 650, 707, 723, 751] (18) | 
good : res/test3.txt [3, 3, 33, 143, 299, 305, 534, 534, 534, 534, 538, 568, 572, 604, 624, 630, 630, 650] (18) | 
gospel : res/test3.txt [127] (1) | 
got : res/test3.txt [7, 47, 85, 145, 195, 327, 351, 351, 406, 430, 542, 618, 630, 650, 678, 709, 733, 739] (18) | 
gradually : res/test3.txt [264, 386, 729] (3) | 
grand : res/test3.txt [704, 737, 737] (3) | 
grant : res/test3.txt [672] (1) | 
granted : res/test3.txt [462, 709] (2) | 
grappling : res/test3.txt [406] (1) | 
grass : res/test3.txt [187, 187, 209, 248, 275, 380, 380, 382, 384, 506] (10) | 
grasses : res/test3.txt [446] (1) | 
grassy : res/test3.txt [412] (1) | 
grateful : res/test3.txt [512] (1) | 
gratified : res/test3.txt [5] (1) | 
gratifying : res/test3.txt [157] (1) | 
grave : res/test3.txt [3, 171, 380, 530, 598] (5) | 
gravely : res/test3.txt [161, 690, 747] (3) | 
graven : res/test3.txt [25] (1) | 
gravity : res/test3.txt [552] (1) | 
gray : res/test3.txt [25, 35, 53, 181, 264, 273] (6) | 
great : res/test3.txt [1, 5, 47, 111, 111, 111, 111, 111, 221, 225, 238, 345, 360, 380, 442, 550, 550, 552, 562, 586, 600, 608, 608, 608, 620, 664, 672] (27) | 
greater : res/test3.txt [500] (1) | 
green : res/test3.txt [5, 27, 27, 101, 111, 111, 173, 191, 287, 305, 345, 360, 362, 380, 384, 442, 442, 656] (18) | 
greener : res/test3.txt [347] (1) | 
grew : res/test3.txt [111, 111, 171, 506] (4) | 
grievance : res/test3.txt [15] (1) | 
grimly : res/test3.txt [149, 612, 644] (3) | 
grip : res/test3.txt [498] (1) | 
gripsack : res/test3.txt [31, 35] (2) | 
grotesque : res/test3.txt [35, 345, 384] (3) | 
ground : res/test3.txt [345, 360, 608] (3) | 
group : res/test3.txt [145, 189, 462, 506] (4) | 
grove : res/test3.txt [111, 534, 536, 538] (4) | 
groves : res/test3.txt [540] (1) | 
grow : res/test3.txt [7, 11, 11, 442] (4) | 
growing : res/test3.txt [264, 264, 264, 355, 380] (5) | 
grown : res/test3.txt [189, 598] (2) | 
growths : res/test3.txt [378] (1) | 
grubbing : res/test3.txt [189] (1) | 
gruffly : res/test3.txt [49] (1) | 
guess : res/test3.txt [33, 57, 297, 333, 500, 588, 596, 686] (8) | 
guest : res/test3.txt [3, 93, 133] (3) | 
guests : res/test3.txt [139] (1) | 
guidebooks : res/test3.txt [189] (1) | 
guides : res/test3.txt [534] (1) | 
guilty : res/test3.txt [548, 586, 586, 586] (4) | 
guise : res/test3.txt [111, 111] (2) | 
gurgled : res/test3.txt [384] (1) | 
habit : res/test3.txt [636] (1) | 
habits : res/test3.txt [141, 195] (2) | 
had : res/test3.txt [1, 1, 1, 3, 3, 5, 5, 25, 27, 31, 31, 31, 31, 33, 33, 33, 33, 33, 33, 33, 33, 33, 51, 51, 55, 85, 91, 91, 93, 93, 93, 93, 93, 99, 105, 119, 119, 119, 139, 151, 157, 181, 187, 187, 189, 189, 189, 189, 209, 209, 209, 221, 223, 226, 226, 236, 236, 236, 238, 240, 248, 262, 265, 265, 275, 277, 277, 277, 277, 279, 279, 279, 287, 287, 291, 315, 319, 331, 345, 345, 345, 355, 360, 360, 362, 362, 372, 374, 374, 376, 376, 378, 378, 378, 378, 380, 380, 380, 380, 382, 382, 382, 382, 384, 384, 386, 386, 386, 386, 388, 398, 398, 398, 398, 404, 406, 406, 408, 410, 410, 412, 412, 418, 424, 436, 436, 440, 440, 446, 470, 470, 470, 506, 510, 510, 512, 516, 528, 528, 534, 544, 550, 550, 550, 554, 564, 566, 586, 598, 598, 600, 600, 600, 600, 608, 608, 608, 608, 608, 608, 608, 608, 608, 608, 608, 608, 612, 612, 636, 638, 638, 644, 656, 656, 656, 658, 660, 660, 662, 662, 662, 662, 678, 678, 680, 688, 688, 688, 688, 688, 696, 696, 696, 698, 704, 704, 704, 719, 719, 721, 723, 723, 723, 725, 725, 729, 729, 729, 729, 729, 729, 729, 729, 729, 731, 731, 731, 733, 733, 733, 733, 733, 735, 735, 737, 737, 737, 737, 739, 739, 739, 739, 739, 739, 741, 741, 743, 751] (238) | 
hagiological : res/test3.txt [121] (1) | 
hair : res/test3.txt [3, 3, 23, 31, 55, 65, 119, 139, 173, 217, 260, 510, 554, 560, 602, 608, 654, 696] (18) | 
haired : res/test3.txt [119, 412, 556, 556] (4) | 
half : res/test3.txt [53, 141, 175, 189, 191, 384, 418, 600, 729, 737, 745] (11) | 
halfway : res/test3.txt [1] (1) | 
hallows : res/test3.txt [195] (1) | 
halter : res/test3.txt [709] (1) | 
hampton : res/test3.txt [360] (1) | 
hand : res/test3.txt [3, 31, 55, 93, 179, 181, 183, 372, 380, 394, 394, 400, 414, 432, 723] (15) | 
handed : res/test3.txt [422, 556] (2) | 
handle : res/test3.txt [498, 634, 678] (3) | 
hands : res/test3.txt [31, 412, 570] (3) | 
handsome : res/test3.txt [55] (1) | 
hang : res/test3.txt [604, 709] (2) | 
hanged : res/test3.txt [749] (1) | 
hanging : res/test3.txt [410, 602, 604, 644] (4) | 
hanker : res/test3.txt [534] (1) | 
happen : res/test3.txt [77, 137, 211, 462, 470, 594, 731, 731] (8) | 
happened : res/test3.txt [195, 374, 608, 739] (4) | 
happens : res/test3.txt [528] (1) | 
happier : res/test3.txt [656] (1) | 
happiest : res/test3.txt [572] (1) | 
happy : res/test3.txt [195, 442, 745] (3) | 
hard : res/test3.txt [1, 5, 297, 412, 500, 739] (6) | 
hardly : res/test3.txt [1, 73, 111, 281, 396, 408, 428, 602, 608, 638] (10) | 
hare : res/test3.txt [660] (1) | 
harm : res/test3.txt [230] (1) | 
harmlessly : res/test3.txt [111] (1) | 
harness : res/test3.txt [412] (1) | 
harry : res/test3.txt [195] (1) | 
harvey : res/test3.txt [733] (1) | 
has : res/test3.txt [23, 65, 167, 195, 230, 244, 254, 281, 285, 335, 359, 454, 500, 500, 500, 534, 538, 552, 572, 572, 580, 586, 586, 588, 588, 592, 650, 678, 731, 733, 737] (31) | 
hastily : res/test3.txt [486] (1) | 
hat : res/test3.txt [3, 31, 55, 57, 221, 372, 374, 376, 376, 390, 400, 430, 436, 474, 510, 696, 737, 739] (18) | 
hated : res/test3.txt [656] (1) | 
haunted : res/test3.txt [638] (1) | 
haunts : res/test3.txt [707] (1) | 
have : res/test3.txt [13, 15, 23, 23, 55, 59, 59, 67, 67, 93, 101, 101, 107, 111, 119, 141, 145, 157, 163, 179, 189, 191, 191, 191, 195, 236, 273, 285, 289, 293, 293, 295, 337, 337, 353, 370, 394, 398, 398, 400, 402, 412, 418, 420, 426, 438, 442, 450, 454, 460, 460, 462, 462, 474, 476, 486, 500, 500, 500, 500, 510, 512, 528, 534, 534, 546, 548, 548, 560, 560, 560, 560, 580, 584, 586, 586, 586, 588, 588, 588, 588, 592, 602, 608, 620, 620, 636, 672, 672, 676, 678, 678, 682, 707, 707, 709, 727, 729, 731, 731, 733, 733, 733, 733, 733, 737, 739, 739, 741, 741, 745, 745, 745, 749] (114) | 
haven : res/test3.txt [39, 99, 341, 430, 588, 709, 733] (7) | 
having : res/test3.txt [1, 3, 15, 55, 135, 151, 236, 353, 462, 546, 600, 608, 632] (13) | 
hawke : res/test3.txt [195] (1) | 
hay : res/test3.txt [733, 735, 735] (3) | 
he : res/test3.txt [1, 1, 1, 1, 1, 3, 3, 3, 3, 3, 3, 5, 5, 5, 5, 7, 11, 13, 13, 15, 15, 29, 31, 31, 31, 31, 33, 33, 33, 33, 33, 33, 33, 33, 33, 33, 37, 41, 45, 45, 47, 55, 55, 57, 57, 65, 67, 75, 79, 81, 81, 85, 85, 85, 85, 87, 87, 89, 91, 93, 93, 99, 105, 105, 105, 109, 111, 111, 119, 119, 119, 123, 123, 139, 139, 139, 141, 143, 145, 157, 157, 163, 169, 171, 173, 173, 175, 179, 179, 179, 179, 181, 187, 189, 189, 189, 191, 191, 195, 195, 195, 203, 205, 207, 209, 219, 221, 223, 223, 226, 226, 226, 228, 230, 232, 236, 236, 236, 240, 240, 240, 240, 246, 246, 248, 248, 250, 264, 264, 264, 264, 265, 265, 265, 265, 265, 269, 275, 275, 279, 285, 289, 289, 289, 291, 291, 291, 293, 293, 293, 293, 301, 305, 305, 305, 309, 315, 315, 317, 319, 319, 327, 327, 333, 343, 345, 345, 345, 345, 345, 345, 345, 345, 345, 347, 347, 351, 355, 355, 359, 360, 360, 360, 360, 360, 360, 360, 362, 362, 362, 362, 362, 362, 364, 364, 364, 366, 368, 370, 372, 374, 376, 376, 376, 376, 376, 378, 378, 378, 378, 380, 380, 380, 380, 380, 380, 382, 384, 384, 384, 384, 386, 386, 386, 386, 386, 386, 386, 386, 386, 386, 386, 386, 386, 388, 388, 388, 390, 390, 392, 394, 396, 396, 398, 398, 398, 398, 400, 400, 404, 406, 408, 408, 408, 410, 410, 412, 416, 416, 422, 422, 426, 428, 428, 432, 438, 440, 440, 452, 454, 454, 454, 454, 456, 460, 462, 462, 462, 462, 470, 470, 470, 474, 474, 474, 474, 474, 474, 474, 476, 480, 484, 486, 494, 500, 500, 508, 508, 508, 510, 510, 510, 510, 512, 528, 528, 528, 544, 546, 546, 548, 550, 550, 550, 550, 552, 560, 566, 566, 568, 572, 572, 578, 580, 588, 588, 588, 588, 588, 588, 594, 596, 598, 600, 600, 600, 600, 602, 604, 604, 608, 608, 608, 608, 608, 608, 608, 608, 608, 608, 608, 608, 608, 608, 612, 612, 612, 612, 618, 622, 624, 626, 628, 630, 630, 630, 630, 632, 632, 634, 636, 636, 638, 638, 638, 638, 640, 640, 640, 650, 650, 650, 656, 656, 656, 656, 656, 656, 660, 660, 660, 662, 662, 662, 662, 662, 666, 668, 668, 676, 678, 678, 678, 686, 690, 690, 692, 698, 704, 704, 704, 704, 713, 717, 721, 723, 723, 723, 729, 729, 729, 729, 731, 731, 737, 737, 737, 737, 737, 739, 741, 743, 745, 749, 751, 751] (436) | 
head : res/test3.txt [1, 119, 179, 181, 187, 209, 269, 345, 380, 432, 454, 454, 540, 568, 588, 662, 694, 696, 696, 704, 709, 711, 723, 731] (24) | 
headed : res/test3.txt [1, 27] (2) | 
headedness : res/test3.txt [5, 5] (2) | 
headland : res/test3.txt [225, 723] (2) | 
heads : res/test3.txt [412, 412, 538, 690, 696, 696, 707] (7) | 
health : res/test3.txt [534] (1) | 
healthy : res/test3.txt [733] (1) | 
heap : res/test3.txt [418, 488] (2) | 
hear : res/test3.txt [226, 265, 534, 600, 632, 672, 704, 733] (8) | 
heard : res/test3.txt [101, 111, 185, 209, 386, 534, 600, 600, 600, 630, 630, 680, 682, 682, 707, 707] (16) | 
hearers : res/test3.txt [277] (1) | 
heart : res/test3.txt [189, 360, 360, 600] (4) | 
hearted : res/test3.txt [15] (1) | 
heartily : res/test3.txt [508] (1) | 
hearty : res/test3.txt [3] (1) | 
heaven : res/test3.txt [265, 540, 725, 731] (4) | 
heavens : res/test3.txt [562] (1) | 
heavier : res/test3.txt [735] (1) | 
heavily : res/test3.txt [408, 442] (2) | 
heavy : res/test3.txt [3, 119, 183, 412, 654] (5) | 
hedgehogs : res/test3.txt [345] (1) | 
heels : res/test3.txt [584] (1) | 
heir : res/test3.txt [33] (1) | 
heiress : res/test3.txt [528] (1) | 
held : res/test3.txt [55, 277, 424, 608, 729] (5) | 
helen : res/test3.txt [552] (1) | 
hell : res/test3.txt [731] (1) | 
helmet : res/test3.txt [65] (1) | 
help : res/test3.txt [285, 285, 378, 526, 672, 672] (6) | 
helping : res/test3.txt [191, 277] (2) | 
her : res/test3.txt [3, 17, 51, 53, 55, 55, 65, 65, 73, 93, 93, 107, 157, 157, 187, 226, 226, 226, 277, 277, 277, 279, 279, 279, 279, 279, 285, 299, 502, 504, 506, 508, 510, 510, 510, 510, 510, 510, 552, 552, 554, 560, 560, 560, 560, 560, 560, 600, 600, 662, 735] (51) | 
heraldry : res/test3.txt [345] (1) | 
herd : res/test3.txt [27] (1) | 
here : res/test3.txt [7, 7, 25, 39, 57, 61, 75, 111, 169, 171, 175, 191, 195, 211, 232, 248, 248, 285, 285, 337, 345, 351, 353, 380, 392, 416, 450, 462, 474, 486, 500, 534, 610, 618, 630, 668, 668, 672, 678, 692, 704, 707, 707, 707, 731] (45) | 
hermit : res/test3.txt [111, 111, 121] (3) | 
hero : res/test3.txt [117] (1) | 
heroes : res/test3.txt [731] (1) | 
heroic : res/test3.txt [552] (1) | 
herself : res/test3.txt [53, 151] (2) | 
hesitate : res/test3.txt [267] (1) | 
hesitated : res/test3.txt [502] (1) | 
hesitation : res/test3.txt [360, 398] (2) | 
hid : res/test3.txt [474, 474] (2) | 
hidden : res/test3.txt [225, 416] (2) | 
hideous : res/test3.txt [374] (1) | 
hiding : res/test3.txt [285] (1) | 
high : res/test3.txt [25, 101, 179, 265, 293, 331, 345, 345, 360, 608, 682, 696] (12) | 
higher : res/test3.txt [121, 552] (2) | 
hill : res/test3.txt [733] (1) | 
him : res/test3.txt [1, 1, 1, 1, 1, 5, 11, 13, 33, 33, 45, 67, 93, 149, 157, 179, 185, 189, 209, 225, 225, 240, 240, 240, 265, 265, 273, 305, 305, 323, 327, 331, 331, 345, 345, 349, 355, 359, 360, 360, 362, 362, 374, 374, 374, 378, 386, 386, 386, 396, 396, 398, 398, 400, 400, 400, 400, 454, 462, 470, 474, 474, 500, 500, 500, 504, 510, 528, 532, 534, 538, 564, 566, 566, 566, 572, 578, 578, 588, 594, 600, 608, 608, 608, 612, 622, 630, 630, 632, 634, 638, 644, 648, 650, 654, 654, 656, 662, 662, 662, 670, 676, 676, 678, 678, 678, 678, 694, 729, 737, 737, 737, 741, 741] (114) | 
himself : res/test3.txt [1, 1, 13, 85, 85, 151, 191, 209, 209, 226, 277, 289, 343, 349, 374, 376, 378, 384, 386, 412, 508, 510, 518, 566, 580, 600, 604, 608, 608, 608, 608, 612, 632, 632, 660, 709, 713] (37) | 
hint : res/test3.txt [731] (1) | 
his : res/test3.txt [1, 1, 1, 1, 1, 3, 3, 3, 3, 3, 3, 5, 5, 5, 13, 15, 15, 15, 23, 25, 31, 31, 31, 31, 31, 31, 33, 33, 33, 33, 33, 35, 39, 45, 55, 55, 55, 55, 57, 57, 81, 85, 89, 91, 91, 93, 101, 101, 105, 105, 109, 111, 111, 119, 119, 121, 139, 139, 139, 151, 163, 169, 173, 173, 173, 175, 179, 179, 179, 183, 183, 187, 187, 187, 189, 189, 189, 189, 191, 195, 205, 209, 217, 221, 223, 223, 223, 225, 226, 228, 230, 236, 236, 236, 236, 238, 240, 240, 240, 240, 240, 244, 248, 260, 260, 265, 265, 265, 269, 277, 283, 287, 287, 291, 295, 295, 295, 301, 303, 303, 305, 315, 331, 333, 343, 345, 345, 345, 345, 345, 355, 360, 368, 368, 372, 372, 374, 374, 376, 376, 380, 380, 380, 380, 380, 382, 386, 386, 386, 386, 390, 394, 396, 396, 398, 398, 398, 400, 400, 400, 408, 410, 410, 410, 412, 414, 416, 418, 428, 428, 436, 440, 444, 454, 470, 470, 484, 484, 506, 508, 508, 508, 526, 526, 534, 534, 536, 538, 542, 550, 550, 566, 568, 568, 568, 570, 570, 570, 572, 576, 580, 580, 582, 584, 586, 588, 588, 598, 598, 600, 602, 602, 606, 606, 608, 608, 608, 608, 608, 608, 608, 608, 608, 608, 608, 612, 620, 630, 632, 632, 638, 644, 648, 654, 656, 656, 656, 656, 656, 658, 660, 668, 672, 678, 678, 680, 688, 688, 688, 690, 694, 694, 694, 696, 696, 696, 709, 711, 721, 721, 721, 723, 723, 723, 729, 729, 729, 729, 731, 733, 735, 735, 737, 739, 739, 739, 743, 747, 751, 751, 751] (281) | 
historic : res/test3.txt [1] (1) | 
history : res/test3.txt [155, 165] (2) | 
hoarsely : res/test3.txt [486] (1) | 
hobby : res/test3.txt [105, 462] (2) | 
hoisting : res/test3.txt [410] (1) | 
hold : res/test3.txt [528, 588, 680] (3) | 
holding : res/test3.txt [179, 372] (2) | 
holds : res/test3.txt [424, 592] (2) | 
hole : res/test3.txt [53, 226, 376, 380, 400, 424, 436, 436, 510, 707, 739, 739] (12) | 
holes : res/test3.txt [424] (1) | 
holiday : res/test3.txt [31, 442] (2) | 
holidays : res/test3.txt [588] (1) | 
hollow : res/test3.txt [31] (1) | 
hollowed : res/test3.txt [35] (1) | 
holy : res/test3.txt [454] (1) | 
hominem : res/test3.txt [137] (1) | 
honest : res/test3.txt [61, 91] (2) | 
honestly : res/test3.txt [534, 586] (2) | 
honeymoonshine : res/test3.txt [538] (1) | 
honor : res/test3.txt [265, 470, 552] (3) | 
honorable : res/test3.txt [143] (1) | 
hooks : res/test3.txt [410] (1) | 
hope : res/test3.txt [39, 139, 440, 588, 600] (5) | 
hoped : res/test3.txt [474] (1) | 
hopeless : res/test3.txt [735] (1) | 
hopelessly : res/test3.txt [721, 735] (2) | 
horn : res/test3.txt [209, 331] (2) | 
horns : res/test3.txt [25, 209] (2) | 
horrible : res/test3.txt [115, 538, 733] (3) | 
horribly : res/test3.txt [155] (1) | 
horrors : res/test3.txt [538] (1) | 
hospital : res/test3.txt [731] (1) | 
hospitality : res/test3.txt [33, 91] (2) | 
hospitals : res/test3.txt [636, 640] (2) | 
host : res/test3.txt [33, 39, 187, 189, 236] (5) | 
hostess : res/test3.txt [93] (1) | 
hostility : res/test3.txt [735] (1) | 
hot : res/test3.txt [5] (1) | 
hour : res/test3.txt [175, 254, 256, 265, 265, 418, 600, 608, 674, 729] (10) | 
hours : res/test3.txt [378, 704] (2) | 
house : res/test3.txt [45, 163, 226, 275, 277, 277, 279, 345, 412, 600, 608, 656, 662] (13) | 
houses : res/test3.txt [11, 163] (2) | 
how : res/test3.txt [111, 248, 305, 309, 400, 462, 462, 500, 534, 678, 737, 737, 737, 745] (14) | 
however : res/test3.txt [51, 139, 347, 498, 510, 662, 696, 739] (8) | 
huddle : res/test3.txt [25, 53] (2) | 
huddled : res/test3.txt [27] (1) | 
hue : res/test3.txt [111] (1) | 
hugely : res/test3.txt [737] (1) | 
human : res/test3.txt [380, 412, 420, 420, 424, 739, 741] (7) | 
humane : res/test3.txt [33, 735] (2) | 
humor : res/test3.txt [406, 670] (2) | 
humored : res/test3.txt [3] (1) | 
humoredly : res/test3.txt [305] (1) | 
humorous : res/test3.txt [189] (1) | 
hunchbacked : res/test3.txt [25] (1) | 
hundred : res/test3.txt [25] (1) | 
hundreds : res/test3.txt [67, 103, 211, 733] (4) | 
hung : res/test3.txt [25, 55, 55, 345] (4) | 
hunt : res/test3.txt [277, 660] (2) | 
hurry : res/test3.txt [432, 600, 668] (3) | 
husband : res/test3.txt [528, 534, 608] (3) | 
hygiene : res/test3.txt [568] (1) | 
hypothesis : res/test3.txt [731] (1) | 
i : res/test3.txt [17, 17, 17, 29, 39, 39, 41, 41, 43, 49, 61, 61, 61, 61, 61, 61, 67, 71, 71, 73, 79, 87, 97, 99, 101, 101, 103, 103, 103, 103, 111, 111, 113, 117, 121, 125, 127, 127, 131, 131, 137, 139, 141, 141, 149, 149, 153, 155, 155, 155, 161, 161, 161, 163, 163, 169, 169, 175, 175, 177, 179, 185, 191, 191, 191, 195, 195, 195, 197, 197, 197, 203, 207, 213, 213, 219, 219, 230, 232, 232, 234, 244, 262, 269, 281, 283, 285, 285, 285, 289, 289, 295, 297, 297, 299, 299, 299, 299, 303, 305, 305, 305, 309, 313, 319, 319, 319, 319, 323, 323, 327, 327, 327, 327, 333, 333, 333, 333, 337, 341, 341, 351, 351, 351, 351, 353, 366, 366, 394, 396, 396, 396, 396, 406, 406, 406, 406, 406, 406, 406, 406, 406, 406, 420, 420, 426, 438, 438, 438, 448, 450, 450, 450, 452, 454, 460, 460, 460, 462, 462, 462, 462, 462, 470, 470, 474, 474, 476, 490, 496, 500, 500, 500, 500, 502, 502, 502, 508, 508, 512, 512, 512, 512, 528, 528, 528, 528, 528, 528, 528, 528, 530, 534, 534, 534, 534, 534, 534, 534, 534, 534, 534, 534, 534, 534, 534, 534, 534, 534, 534, 534, 538, 538, 538, 538, 538, 544, 544, 544, 548, 548, 552, 552, 554, 560, 560, 560, 560, 560, 560, 560, 564, 564, 564, 564, 572, 572, 572, 572, 580, 580, 580, 580, 582, 584, 586, 586, 586, 586, 586, 586, 588, 588, 588, 588, 588, 588, 588, 588, 588, 588, 588, 588, 588, 590, 590, 590, 594, 598, 598, 598, 598, 600, 600, 600, 600, 600, 600, 600, 600, 600, 600, 602, 602, 602, 602, 602, 602, 604, 610, 610, 610, 614, 614, 618, 618, 620, 620, 620, 620, 620, 620, 620, 620, 624, 628, 630, 630, 630, 630, 630, 630, 632, 636, 640, 640, 642, 642, 646, 650, 650, 650, 652, 654, 654, 654, 660, 664, 668, 668, 668, 668, 668, 668, 668, 670, 672, 672, 672, 672, 672, 674, 674, 674, 676, 676, 678, 678, 678, 678, 678, 678, 678, 678, 678, 678, 682, 686, 686, 688, 698, 698, 698, 704, 704, 704, 704, 704, 704, 704, 704, 704, 707, 707, 707, 707, 707, 707, 707, 707, 707, 707, 709, 709, 709, 709, 709, 713, 713, 713, 719, 721, 727, 731, 731, 731, 731, 731, 731, 731, 731, 731, 731, 731, 731, 731, 731, 731, 731, 731, 731, 731, 733, 733, 733, 733, 733, 733, 733, 733, 733, 733, 733, 733, 733, 733, 733, 733, 733, 733, 735, 735, 735, 735, 735, 735, 735, 737, 737, 737, 737, 737, 737, 737, 739, 739, 739, 739, 739, 739, 739, 739, 739, 739, 739, 739, 739, 739, 739, 739, 739, 741, 741, 745, 745, 745, 745, 745, 745, 745, 745, 745, 745, 745, 745] (475) | 
ic : res/test3.txt [315] (1) | 
iconoclasts : res/test3.txt [155] (1) | 
idea : res/test3.txt [1, 582, 704] (3) | 
ideas : res/test3.txt [572] (1) | 
identification : res/test3.txt [440, 510] (2) | 
idiots : res/test3.txt [353] (1) | 
idle : res/test3.txt [226, 374] (2) | 
idly : res/test3.txt [109] (1) | 
idolatry : res/test3.txt [155] (1) | 
if : res/test3.txt [17, 25, 33, 81, 91, 111, 119, 123, 139, 179, 183, 187, 195, 195, 195, 199, 207, 209, 219, 225, 226, 234, 236, 236, 238, 262, 277, 303, 345, 360, 360, 360, 362, 362, 364, 374, 386, 394, 398, 406, 410, 412, 412, 452, 454, 470, 476, 500, 500, 508, 508, 510, 512, 512, 528, 528, 532, 534, 534, 538, 538, 544, 552, 556, 580, 586, 588, 588, 600, 600, 602, 620, 624, 640, 650, 656, 662, 670, 672, 672, 688, 694, 694, 696, 696, 731, 733, 733, 733, 735, 735, 735, 739, 741, 741, 745, 751] (97) | 
ignorance : res/test3.txt [319] (1) | 
ignorant : res/test3.txt [731, 735] (2) | 
ill : res/test3.txt [11, 15] (2) | 
illogical : res/test3.txt [364] (1) | 
imagination : res/test3.txt [588, 628, 628] (3) | 
imagine : res/test3.txt [131, 131] (2) | 
imitated : res/test3.txt [648] (1) | 
immovable : res/test3.txt [51] (1) | 
impartiality : res/test3.txt [1, 1] (2) | 
impassive : res/test3.txt [630] (1) | 
impatience : res/test3.txt [1, 209, 209] (3) | 
impatient : res/test3.txt [151, 291] (2) | 
impatiently : res/test3.txt [470] (1) | 
important : res/test3.txt [696] (1) | 
impossible : res/test3.txt [236] (1) | 
impressionists : res/test3.txt [608] (1) | 
improved : res/test3.txt [163] (1) | 
impulse : res/test3.txt [462] (1) | 
in : res/test3.txt [1, 1, 1, 1, 3, 3, 3, 3, 3, 5, 5, 5, 5, 11, 15, 23, 23, 23, 25, 25, 25, 25, 27, 27, 27, 31, 31, 31, 31, 31, 33, 33, 33, 33, 35, 45, 55, 55, 55, 55, 55, 65, 65, 67, 71, 73, 79, 79, 81, 85, 87, 91, 91, 101, 101, 101, 101, 101, 101, 105, 107, 111, 111, 111, 111, 111, 111, 111, 117, 119, 119, 125, 125, 127, 133, 135, 135, 135, 135, 137, 139, 139, 139, 139, 155, 155, 155, 155, 157, 159, 163, 163, 165, 167, 167, 169, 169, 179, 179, 181, 189, 189, 189, 189, 189, 195, 195, 195, 197, 199, 199, 205, 209, 209, 209, 211, 213, 217, 219, 221, 223, 225, 225, 226, 228, 230, 236, 236, 236, 238, 240, 240, 240, 240, 254, 264, 264, 264, 264, 264, 265, 265, 265, 265, 265, 265, 269, 269, 275, 277, 277, 277, 281, 281, 283, 285, 285, 285, 285, 287, 289, 291, 305, 345, 345, 345, 345, 345, 345, 349, 349, 355, 359, 360, 360, 362, 362, 362, 364, 364, 372, 372, 374, 374, 374, 376, 376, 376, 376, 376, 378, 378, 378, 380, 380, 380, 382, 382, 382, 384, 384, 386, 386, 388, 390, 394, 394, 396, 398, 400, 400, 400, 400, 406, 410, 410, 412, 412, 412, 412, 412, 414, 426, 426, 436, 436, 438, 442, 442, 444, 446, 446, 446, 446, 460, 462, 462, 462, 462, 474, 474, 474, 484, 490, 490, 494, 500, 500, 500, 500, 500, 500, 500, 506, 508, 508, 508, 510, 512, 512, 524, 526, 528, 534, 534, 534, 534, 534, 534, 534, 534, 540, 546, 552, 552, 552, 552, 554, 560, 560, 560, 560, 566, 566, 570, 572, 572, 572, 572, 574, 580, 588, 588, 594, 598, 600, 600, 600, 600, 600, 602, 608, 608, 608, 608, 608, 608, 612, 612, 620, 620, 628, 628, 630, 630, 630, 632, 634, 636, 638, 638, 640, 640, 644, 644, 644, 650, 656, 656, 658, 660, 668, 668, 672, 672, 678, 678, 678, 678, 682, 682, 688, 688, 694, 696, 704, 704, 707, 707, 707, 707, 707, 709, 709, 719, 721, 723, 725, 729, 729, 729, 729, 729, 729, 731, 731, 731, 731, 731, 731, 733, 733, 733, 733, 733, 735, 735, 737, 737, 737, 739, 739, 739, 739, 741, 745, 745, 745, 745, 745, 745, 745] (392) | 
inappropriate : res/test3.txt [364] (1) | 
inclination : res/test3.txt [530] (1) | 
inclined : res/test3.txt [5] (1) | 
incoherent : res/test3.txt [729] (1) | 
inconclusive : res/test3.txt [264, 608] (2) | 
incongruous : res/test3.txt [345] (1) | 
incredible : res/test3.txt [476] (1) | 
incredulity : res/test3.txt [275] (1) | 
incriminate : res/test3.txt [739] (1) | 
incurred : res/test3.txt [33] (1) | 
indeed : res/test3.txt [31, 33, 105, 173, 264, 374, 410, 446, 654, 662, 682, 739] (12) | 
india : res/test3.txt [1] (1) | 
indicate : res/test3.txt [1] (1) | 
indicating : res/test3.txt [5] (1) | 
indifference : res/test3.txt [1] (1) | 
indigo : res/test3.txt [25, 139] (2) | 
indoors : res/test3.txt [151] (1) | 
induced : res/test3.txt [33] (1) | 
indulgence : res/test3.txt [672] (1) | 
industry : res/test3.txt [378] (1) | 
infamous : res/test3.txt [345] (1) | 
inference : res/test3.txt [745] (1) | 
infernal : res/test3.txt [95, 396, 470] (3) | 
infinite : res/test3.txt [211] (1) | 
influence : res/test3.txt [189, 735] (2) | 
inhabited : res/test3.txt [662] (1) | 
inherit : res/test3.txt [735] (1) | 
inheritance : res/test3.txt [735] (1) | 
inhumane : res/test3.txt [560] (1) | 
initials : res/test3.txt [638] (1) | 
ink : res/test3.txt [386, 612] (2) | 
inked : res/test3.txt [638] (1) | 
inland : res/test3.txt [682] (1) | 
inn : res/test3.txt [277, 343, 345, 608, 608] (5) | 
innocence : res/test3.txt [195, 586] (2) | 
innocent : res/test3.txt [442, 588] (2) | 
inquest : res/test3.txt [295, 546, 548, 590, 608] (5) | 
inquired : res/test3.txt [203, 256, 464] (3) | 
inquiries : res/test3.txt [620] (1) | 
inquiry : res/test3.txt [548, 630] (2) | 
inquisitor : res/test3.txt [508] (1) | 
insane : res/test3.txt [682] (1) | 
insensibly : res/test3.txt [189] (1) | 
inside : res/test3.txt [225, 731] (2) | 
insignificant : res/test3.txt [119] (1) | 
insinuated : res/test3.txt [608] (1) | 
insinuation : res/test3.txt [608] (1) | 
insisted : res/test3.txt [3] (1) | 
inspiration : res/test3.txt [550] (1) | 
inspired : res/test3.txt [662] (1) | 
instance : res/test3.txt [163, 688] (2) | 
instant : res/test3.txt [240, 355, 359, 374, 386, 390, 504, 660] (8) | 
instantly : res/test3.txt [380, 456, 644] (3) | 
instead : res/test3.txt [85, 364, 556, 600] (4) | 
instinct : res/test3.txt [733] (1) | 
instinctively : res/test3.txt [398, 648] (2) | 
instructed : res/test3.txt [745] (1) | 
intake : res/test3.txt [311] (1) | 
intellect : res/test3.txt [1] (1) | 
intellectualism : res/test3.txt [398] (1) | 
intellectually : res/test3.txt [91] (1) | 
intelligent : res/test3.txt [398, 412] (2) | 
intensity : res/test3.txt [248] (1) | 
interest : res/test3.txt [119, 608, 612] (3) | 
interesting : res/test3.txt [248, 560, 590] (3) | 
interfere : res/test3.txt [735] (1) | 
interference : res/test3.txt [600] (1) | 
interposed : res/test3.txt [133] (1) | 
interrelated : res/test3.txt [23] (1) | 
interrupt : res/test3.txt [265] (1) | 
interstices : res/test3.txt [236] (1) | 
interval : res/test3.txt [277] (1) | 
intervals : res/test3.txt [53] (1) | 
intervened : res/test3.txt [129] (1) | 
intervening : res/test3.txt [189] (1) | 
interview : res/test3.txt [564] (1) | 
intimate : res/test3.txt [157, 580] (2) | 
into : res/test3.txt [1, 5, 17, 23, 25, 27, 33, 45, 49, 53, 93, 189, 207, 211, 215, 225, 226, 230, 236, 238, 267, 273, 275, 287, 323, 333, 345, 345, 366, 378, 380, 384, 386, 388, 416, 426, 462, 470, 470, 474, 550, 570, 598, 602, 608, 608, 608, 608, 618, 636, 660, 676, 684, 690, 694, 694, 704, 707, 729, 733, 739] (61) | 
introduce : res/test3.txt [49] (1) | 
introduced : res/test3.txt [85, 119] (2) | 
introducer : res/test3.txt [85] (1) | 
investigate : res/test3.txt [618] (1) | 
investigation : res/test3.txt [688] (1) | 
investigations : res/test3.txt [546] (1) | 
invitation : res/test3.txt [33] (1) | 
invite : res/test3.txt [33] (1) | 
involuntarily : res/test3.txt [434] (1) | 
involuntary : res/test3.txt [542] (1) | 
involved : res/test3.txt [745] (1) | 
inwardly : res/test3.txt [91] (1) | 
irish : res/test3.txt [1, 1, 33, 327] (4) | 
iron : res/test3.txt [351, 351] (2) | 
irons : res/test3.txt [406] (1) | 
irony : res/test3.txt [327] (1) | 
irrational : res/test3.txt [476] (1) | 
irregular : res/test3.txt [53] (1) | 
irritation : res/test3.txt [291] (1) | 
is : res/test3.txt [1, 1, 1, 23, 23, 23, 29, 37, 41, 49, 61, 71, 79, 79, 85, 89, 99, 103, 103, 111, 111, 113, 113, 113, 117, 121, 133, 133, 143, 145, 149, 165, 195, 197, 207, 211, 211, 211, 211, 248, 271, 271, 275, 283, 285, 285, 285, 285, 305, 307, 313, 337, 353, 353, 378, 406, 406, 412, 420, 426, 426, 450, 450, 452, 452, 454, 454, 472, 472, 474, 474, 476, 490, 490, 494, 496, 500, 500, 500, 500, 528, 528, 534, 534, 534, 534, 538, 538, 538, 538, 538, 544, 548, 548, 552, 552, 554, 560, 560, 580, 588, 588, 590, 596, 620, 620, 628, 628, 632, 632, 632, 636, 636, 636, 640, 640, 640, 646, 656, 664, 668, 668, 674, 678, 678, 678, 678, 682, 682, 682, 682, 682, 682, 682, 682, 688, 688, 692, 698, 700, 704, 704, 717, 727, 731, 731, 733, 733, 733, 733, 733, 737, 739, 739, 739, 741] (156) | 
isn : res/test3.txt [197, 454, 636, 733] (4) | 
it : res/test3.txt [1, 1, 5, 5, 13, 23, 23, 23, 25, 25, 27, 27, 31, 33, 37, 47, 47, 51, 51, 53, 55, 55, 55, 55, 71, 79, 81, 83, 85, 91, 93, 93, 93, 93, 93, 95, 101, 101, 101, 101, 103, 107, 111, 111, 111, 111, 111, 111, 115, 117, 117, 117, 133, 133, 155, 155, 157, 157, 163, 165, 165, 171, 173, 179, 181, 189, 189, 189, 189, 191, 195, 199, 211, 211, 219, 221, 223, 223, 223, 225, 225, 225, 226, 226, 236, 238, 244, 244, 246, 250, 256, 258, 265, 265, 265, 265, 271, 275, 275, 277, 277, 277, 277, 279, 279, 285, 289, 289, 289, 291, 297, 325, 327, 327, 333, 333, 337, 337, 339, 345, 349, 351, 351, 351, 351, 351, 351, 353, 360, 360, 360, 364, 364, 366, 366, 368, 370, 372, 372, 372, 372, 372, 372, 374, 374, 376, 378, 378, 380, 380, 380, 380, 380, 380, 382, 382, 382, 386, 386, 386, 388, 390, 390, 390, 394, 396, 396, 396, 398, 400, 400, 400, 412, 412, 412, 412, 412, 412, 414, 414, 418, 424, 426, 426, 432, 432, 436, 442, 442, 446, 446, 446, 450, 452, 454, 454, 454, 456, 462, 462, 462, 462, 470, 470, 472, 474, 474, 474, 474, 474, 476, 476, 486, 486, 490, 490, 492, 498, 498, 498, 500, 500, 500, 500, 500, 500, 500, 500, 506, 510, 510, 510, 512, 512, 512, 512, 528, 528, 528, 528, 534, 534, 538, 538, 538, 538, 538, 538, 546, 546, 548, 548, 548, 552, 560, 566, 572, 580, 580, 580, 580, 580, 580, 586, 586, 586, 588, 588, 588, 588, 588, 588, 592, 594, 598, 600, 600, 600, 600, 600, 600, 600, 602, 602, 608, 608, 608, 608, 608, 608, 608, 612, 616, 620, 620, 624, 626, 626, 628, 630, 630, 632, 636, 636, 636, 636, 638, 640, 640, 640, 642, 650, 656, 656, 660, 662, 670, 672, 672, 678, 678, 678, 678, 678, 678, 682, 682, 682, 682, 682, 682, 682, 686, 688, 694, 694, 704, 704, 704, 707, 709, 709, 709, 715, 721, 721, 723, 725, 725, 729, 729, 729, 731, 731, 731, 731, 731, 731, 731, 733, 733, 733, 733, 733, 733, 733, 733, 733, 735, 737, 737, 737, 737, 739, 739, 739, 739, 739, 739, 739, 739, 739, 739, 741, 741, 741, 743] (387) | 
italian : res/test3.txt [111] (1) | 
italy : res/test3.txt [33] (1) | 
its : res/test3.txt [101, 111, 111, 119, 181, 181, 246, 248, 382, 500, 725, 729, 743] (13) | 
itself : res/test3.txt [25, 55, 55, 209, 264, 275, 380, 382, 510, 632, 682, 725] (12) | 
jack : res/test3.txt [360] (1) | 
jacket : res/test3.txt [608] (1) | 
jake : res/test3.txt [39, 396, 406, 636, 642] (5) | 
jaw : res/test3.txt [315] (1) | 
jerk : res/test3.txt [240] (1) | 
jetty : res/test3.txt [31, 662] (2) | 
jew : res/test3.txt [1, 1] (2) | 
job : res/test3.txt [652] (1) | 
john : res/test3.txt [33] (1) | 
joined : res/test3.txt [242] (1) | 
joke : res/test3.txt [698, 704, 704, 707, 737, 739] (6) | 
jokes : res/test3.txt [704] (1) | 
jolly : res/test3.txt [305] (1) | 
jongleur : res/test3.txt [61, 67, 93] (3) | 
judge : res/test3.txt [602, 644] (2) | 
judged : res/test3.txt [586] (1) | 
judges : res/test3.txt [604] (1) | 
judging : res/test3.txt [608] (1) | 
judgment : res/test3.txt [111, 588] (2) | 
judicious : res/test3.txt [33] (1) | 
jumped : res/test3.txt [135, 737] (2) | 
jumping : res/test3.txt [500, 500, 692] (3) | 
just : res/test3.txt [3, 17, 31, 47, 55, 61, 135, 153, 195, 211, 236, 327, 347, 364, 364, 396, 424, 446, 450, 454, 534, 550, 554, 560, 568, 608, 630, 636, 682, 694, 723, 745] (32) | 
justice : res/test3.txt [745] (1) | 
keep : res/test3.txt [248, 538, 636] (3) | 
keeping : res/test3.txt [299] (1) | 
kept : res/test3.txt [93, 236, 396, 650, 698] (5) | 
key : res/test3.txt [1] (1) | 
kick : res/test3.txt [660] (1) | 
kicking : res/test3.txt [1, 470, 584] (3) | 
kill : res/test3.txt [568] (1) | 
killed : res/test3.txt [199, 386, 568] (3) | 
killing : res/test3.txt [704] (1) | 
kind : res/test3.txt [15, 378, 502, 522, 540, 608, 745] (7) | 
kindled : res/test3.txt [33, 189] (2) | 
kindly : res/test3.txt [185, 353, 584] (3) | 
kingfisher : res/test3.txt [27] (1) | 
knapsack : res/test3.txt [608, 608, 612] (3) | 
knelt : res/test3.txt [380] (1) | 
knew : res/test3.txt [111, 209, 238, 275, 380, 408, 462, 474, 474, 544, 554, 580, 600, 602, 602, 608, 638, 640, 644, 725, 735] (21) | 
knife : res/test3.txt [345, 345, 380, 380, 572] (5) | 
knock : res/test3.txt [704] (1) | 
knocked : res/test3.txt [380, 406] (2) | 
knocking : res/test3.txt [733] (1) | 
know : res/test3.txt [59, 61, 67, 87, 91, 91, 101, 117, 141, 185, 191, 195, 197, 197, 211, 211, 285, 285, 289, 305, 327, 327, 327, 327, 337, 353, 386, 396, 396, 406, 450, 450, 462, 474, 500, 502, 512, 528, 528, 534, 534, 560, 564, 580, 588, 620, 642, 672, 672, 682, 682, 731, 733, 737] (54) | 
knowest : res/test3.txt [482] (1) | 
knowing : res/test3.txt [630] (1) | 
knowledge : res/test3.txt [347, 470, 729] (3) | 
known : res/test3.txt [380, 528, 560, 560, 560, 560, 654] (7) | 
knows : res/test3.txt [47, 47, 195, 197] (4) | 
labor : res/test3.txt [169] (1) | 
labored : res/test3.txt [739, 739] (2) | 
labors : res/test3.txt [410] (1) | 
labyrinth : res/test3.txt [682] (1) | 
lacking : res/test3.txt [71] (1) | 
ladder : res/test3.txt [211, 211, 213, 215] (4) | 
laden : res/test3.txt [410] (1) | 
lady : res/test3.txt [51, 67, 608, 608, 650] (5) | 
laid : res/test3.txt [93, 189, 498, 508, 634] (5) | 
lain : res/test3.txt [376, 446, 688, 688] (4) | 
lamp : res/test3.txt [189, 223] (2) | 
lamplight : res/test3.txt [189] (1) | 
land : res/test3.txt [47, 169, 345, 345, 362, 362, 534, 534] (8) | 
landed : res/test3.txt [662, 723] (2) | 
landlordism : res/test3.txt [568] (1) | 
lands : res/test3.txt [345] (1) | 
landscape : res/test3.txt [41, 608, 650, 656, 656] (5) | 
languidly : res/test3.txt [51] (1) | 
languor : res/test3.txt [53] (1) | 
large : res/test3.txt [345, 370, 418, 678] (4) | 
largely : res/test3.txt [620, 632] (2) | 
larger : res/test3.txt [347, 506, 735] (3) | 
last : res/test3.txt [27, 59, 101, 101, 111, 189, 264, 277, 345, 362, 376, 412, 440, 440, 452, 462, 500, 508, 510, 566, 568, 600, 600, 636, 672, 692, 700, 704, 729, 735, 739, 739, 747] (33) | 
late : res/test3.txt [248, 265, 333, 560, 608, 668] (6) | 
lately : res/test3.txt [608] (1) | 
later : res/test3.txt [264, 275, 512] (3) | 
latest : res/test3.txt [23, 95] (2) | 
latin : res/test3.txt [121] (1) | 
latter : res/test3.txt [33, 386] (2) | 
laugh : res/test3.txt [345, 542] (2) | 
laughed : res/test3.txt [73, 458, 702] (3) | 
laughing : res/test3.txt [9, 707] (2) | 
laughter : res/test3.txt [141] (1) | 
law : res/test3.txt [299] (1) | 
lawless : res/test3.txt [588] (1) | 
lawn : res/test3.txt [5, 141, 145, 151, 173, 195, 221, 265, 345, 656] (10) | 
lawsuits : res/test3.txt [119] (1) | 
lawyer : res/test3.txt [93, 117, 119, 119, 123, 147, 189, 230, 240, 240, 265, 277, 289, 295, 297, 299, 319, 335, 426, 436, 452, 470, 488, 498, 508, 514, 526, 564, 566, 574, 578, 602, 620, 646, 709, 743] (36) | 
lay : res/test3.txt [225, 265, 345, 362, 436, 446] (6) | 
layer : res/test3.txt [380] (1) | 
laying : res/test3.txt [737] (1) | 
lead : res/test3.txt [207, 211] (2) | 
leading : res/test3.txt [189] (1) | 
leaf : res/test3.txt [101, 374, 380] (3) | 
leafage : res/test3.txt [27, 347] (2) | 
leafy : res/test3.txt [360] (1) | 
lean : res/test3.txt [31, 398, 412] (3) | 
leaned : res/test3.txt [53, 305, 325, 662] (4) | 
leaning : res/test3.txt [101, 372, 568] (3) | 
leap : res/test3.txt [490, 490, 660] (3) | 
leapt : res/test3.txt [384] (1) | 
learned : res/test3.txt [735] (1) | 
learning : res/test3.txt [544] (1) | 
least : res/test3.txt [65, 345, 378, 602, 632, 682, 729, 739, 739] (9) | 
leathery : res/test3.txt [5, 27] (2) | 
leave : res/test3.txt [195, 600, 640] (3) | 
leaves : res/test3.txt [101, 111, 111, 305, 309, 362, 442] (7) | 
leaving : res/test3.txt [412, 412, 508, 646] (4) | 
led : res/test3.txt [89, 225] (2) | 
left : res/test3.txt [111, 173, 265, 285, 285, 291, 359, 362, 388, 424, 476, 510, 600, 602, 733, 733, 733, 733] (18) | 
leg : res/test3.txt [232] (1) | 
legal : res/test3.txt [291, 293, 608] (3) | 
legally : res/test3.txt [546] (1) | 
legend : res/test3.txt [49, 95, 189, 315, 374, 698, 733, 735] (8) | 
legends : res/test3.txt [97, 103] (2) | 
legs : res/test3.txt [319, 470] (2) | 
length : res/test3.txt [386] (1) | 
lengths : res/test3.txt [506] (1) | 
leonine : res/test3.txt [221] (1) | 
less : res/test3.txt [27, 27, 111, 151, 191, 510, 588, 731] (8) | 
lessened : res/test3.txt [506] (1) | 
let : res/test3.txt [141, 351, 406, 470, 504, 540, 676] (7) | 
letter : res/test3.txt [500] (1) | 
letters : res/test3.txt [155, 678] (2) | 
level : res/test3.txt [27, 139, 151] (3) | 
liberties : res/test3.txt [739] (1) | 
liberty : res/test3.txt [502] (1) | 
licked : res/test3.txt [195] (1) | 
lid : res/test3.txt [380, 380, 380] (3) | 
lie : res/test3.txt [163, 534, 735] (3) | 
lies : res/test3.txt [111, 444, 538] (3) | 
life : res/test3.txt [53, 113, 550, 560, 560, 592, 731] (7) | 
lift : res/test3.txt [444] (1) | 
lifted : res/test3.txt [81, 380, 412, 550, 588, 711, 723, 723] (8) | 
light : res/test3.txt [3, 55, 189, 223, 264, 265, 398, 484, 602, 608, 626, 674, 696] (13) | 
lighter : res/test3.txt [676] (1) | 
lighthouse : res/test3.txt [27] (1) | 
lighting : res/test3.txt [232] (1) | 
lightly : res/test3.txt [345] (1) | 
like : res/test3.txt [17, 21, 23, 23, 25, 25, 27, 27, 33, 37, 47, 47, 53, 53, 55, 65, 81, 93, 101, 101, 101, 101, 105, 111, 111, 111, 111, 111, 115, 127, 157, 181, 189, 195, 207, 209, 223, 225, 225, 228, 236, 236, 240, 244, 256, 265, 275, 331, 333, 345, 345, 351, 359, 360, 360, 362, 366, 368, 374, 380, 380, 382, 384, 384, 386, 426, 454, 454, 470, 470, 472, 474, 490, 508, 510, 528, 528, 534, 554, 560, 586, 588, 602, 604, 608, 608, 618, 624, 628, 636, 652, 654, 656, 660, 660, 672, 682, 682, 688, 696, 696, 704, 721, 725, 729, 729, 731, 733, 733, 733, 741, 741] (112) | 
liked : res/test3.txt [454] (1) | 
likely : res/test3.txt [199, 265, 265, 337, 454, 474, 500, 731] (8) | 
likes : res/test3.txt [588] (1) | 
limbs : res/test3.txt [333] (1) | 
line : res/test3.txt [5, 25, 236, 345, 345, 390, 608] (7) | 
lined : res/test3.txt [173, 654] (2) | 
linen : res/test3.txt [612, 634] (2) | 
lines : res/test3.txt [25, 264, 620, 656, 735] (5) | 
lingered : res/test3.txt [600] (1) | 
lint : res/test3.txt [636, 678, 678] (3) | 
lion : res/test3.txt [225] (1) | 
lions : res/test3.txt [111, 111] (2) | 
lip : res/test3.txt [656] (1) | 
liquor : res/test3.txt [608] (1) | 
lit : res/test3.txt [33, 189, 376] (3) | 
literary : res/test3.txt [85, 93] (2) | 
litter : res/test3.txt [181] (1) | 
littered : res/test3.txt [506] (1) | 
little : res/test3.txt [3, 3, 15, 31, 51, 51, 73, 85, 111, 113, 187, 189, 195, 195, 195, 333, 345, 368, 374, 398, 406, 412, 412, 422, 442, 502, 506, 510, 528, 534, 536, 550, 560, 566, 578, 586, 588, 604, 608, 608, 608, 642, 656, 656, 656, 672, 676, 682, 698, 698, 698, 702, 704, 739, 739, 741] (56) | 
live : res/test3.txt [380, 480] (2) | 
lived : res/test3.txt [33, 111, 560, 636] (4) | 
lively : res/test3.txt [442] (1) | 
lives : res/test3.txt [189, 195, 238] (3) | 
living : res/test3.txt [111, 382, 686] (3) | 
ll : res/test3.txt [7, 149, 195, 195, 195, 219, 219, 234, 248, 329, 351, 406, 406, 460, 594, 598, 598, 630, 707, 733, 737] (21) | 
local : res/test3.txt [33, 93, 95, 189, 337, 608] (6) | 
locks : res/test3.txt [187] (1) | 
logic : res/test3.txt [500] (1) | 
logical : res/test3.txt [688] (1) | 
london : res/test3.txt [608, 614, 707] (3) | 
lonely : res/test3.txt [608] (1) | 
long : res/test3.txt [31, 31, 31, 33, 81, 109, 223, 238, 264, 273, 277, 287, 333, 376, 382, 382, 498, 510, 550, 566, 594, 608, 608, 612, 662] (25) | 
longer : res/test3.txt [31, 380, 410, 654, 654, 729] (6) | 
look : res/test3.txt [21, 21, 39, 119, 163, 187, 236, 244, 333, 353, 398, 450, 462, 462, 474, 578, 616, 620, 628, 662, 672, 682, 682, 696, 698, 715, 721, 729] (28) | 
looked : res/test3.txt [23, 41, 65, 67, 119, 119, 123, 151, 155, 201, 226, 238, 246, 315, 345, 355, 374, 386, 400, 492, 506, 512, 532, 536, 558, 578, 612, 654, 668, 715, 723, 729, 743] (33) | 
looking : res/test3.txt [3, 51, 53, 99, 119, 135, 179, 223, 223, 225, 244, 307, 349, 362, 370, 396, 454, 504] (18) | 
looks : res/test3.txt [171, 327, 366, 731] (4) | 
loop : res/test3.txt [378] (1) | 
loose : res/test3.txt [31] (1) | 
loosely : res/test3.txt [412] (1) | 
loosened : res/test3.txt [111] (1) | 
lord : res/test3.txt [31, 482, 733] (3) | 
loses : res/test3.txt [248] (1) | 
losing : res/test3.txt [15] (1) | 
loss : res/test3.txt [15, 396] (2) | 
lost : res/test3.txt [27, 195, 277, 349, 600, 733] (6) | 
lot : res/test3.txt [337] (1) | 
loud : res/test3.txt [83, 111, 139, 240, 364] (5) | 
louder : res/test3.txt [111, 442] (2) | 
love : res/test3.txt [111, 552, 552] (3) | 
lover : res/test3.txt [662] (1) | 
low : res/test3.txt [5, 15, 27, 53, 139, 211, 275, 281, 289, 362, 494, 682] (12) | 
lower : res/test3.txt [15, 27, 51, 223] (4) | 
lucidly : res/test3.txt [566] (1) | 
lucky : res/test3.txt [91] (1) | 
lunatic : res/test3.txt [197, 729, 737] (3) | 
lunch : res/test3.txt [33, 93, 173, 402, 406] (5) | 
lunched : res/test3.txt [474, 534] (2) | 
luncheon : res/test3.txt [93] (1) | 
m : res/test3.txt [155, 163, 305, 309, 323, 341, 406, 450, 462, 560, 560, 572, 598, 610, 614, 618, 650, 664, 704, 704, 709, 709, 731, 739] (24) | 
mad : res/test3.txt [95, 111, 470, 664] (4) | 
madam : res/test3.txt [538] (1) | 
made : res/test3.txt [15, 57, 91, 93, 93, 105, 157, 163, 181, 183, 187, 289, 291, 374, 378, 380, 386, 394, 398, 400, 400, 412, 440, 468, 478, 600, 632, 688, 707, 729, 733, 739, 739] (33) | 
madman : res/test3.txt [741, 741] (2) | 
magazine : res/test3.txt [85] (1) | 
magic : res/test3.txt [5, 159, 199, 462, 719, 721] (6) | 
magician : res/test3.txt [640] (1) | 
main : res/test3.txt [51] (1) | 
major : res/test3.txt [33] (1) | 
make : res/test3.txt [85, 93, 101, 149, 408, 500, 500, 588, 588, 600, 662, 672, 707, 707, 709, 719, 721, 737, 739, 739] (20) | 
makes : res/test3.txt [115, 538, 538, 540, 678] (5) | 
making : res/test3.txt [378, 682] (2) | 
malcontent : res/test3.txt [31] (1) | 
malice : res/test3.txt [205, 305] (2) | 
man : res/test3.txt [1, 31, 55, 61, 93, 101, 105, 117, 127, 147, 155, 163, 165, 179, 183, 189, 195, 197, 273, 277, 293, 297, 299, 303, 315, 327, 349, 353, 355, 368, 374, 386, 398, 398, 406, 426, 426, 452, 454, 462, 472, 474, 474, 474, 528, 538, 572, 580, 582, 586, 588, 588, 588, 592, 594, 600, 600, 604, 606, 608, 608, 608, 624, 624, 630, 640, 640, 664, 672, 731, 737, 739] (72) | 
mane : res/test3.txt [743] (1) | 
maniacal : res/test3.txt [709] (1) | 
manner : res/test3.txt [79, 254, 303, 355, 410, 528, 630, 678, 719] (9) | 
mannered : res/test3.txt [33] (1) | 
manners : res/test3.txt [89, 303, 534] (3) | 
manor : res/test3.txt [733] (1) | 
manufactured : res/test3.txt [713] (1) | 
manufacturing : res/test3.txt [739] (1) | 
many : res/test3.txt [3, 23, 25, 111, 277, 378, 534, 568, 588, 604, 608, 628, 630, 656, 682, 739, 741, 745, 751] (19) | 
map : res/test3.txt [345, 378] (2) | 
maps : res/test3.txt [345] (1) | 
marked : res/test3.txt [608, 614, 636, 678] (4) | 
market : res/test3.txt [345, 566, 608] (3) | 
markings : res/test3.txt [374] (1) | 
married : res/test3.txt [520, 528, 735] (3) | 
martin : res/test3.txt [15, 21, 57, 61, 175, 349, 394, 396, 466, 632, 632] (11) | 
marvelous : res/test3.txt [707] (1) | 
mask : res/test3.txt [277, 277, 743] (3) | 
masked : res/test3.txt [384, 656] (2) | 
masks : res/test3.txt [139] (1) | 
mass : res/test3.txt [225] (1) | 
mast : res/test3.txt [101] (1) | 
master : res/test3.txt [223, 277] (2) | 
matter : res/test3.txt [205, 236, 378, 386, 470, 508, 532, 618, 620, 709, 745] (11) | 
matters : res/test3.txt [608, 676] (2) | 
may : res/test3.txt [55, 67, 67, 211, 211, 289, 295, 412, 416, 426, 426, 426, 500, 508, 538, 538, 544, 544, 580, 598, 620, 678, 729, 739, 739, 745] (26) | 
maze : res/test3.txt [360, 360] (2) | 
mazy : res/test3.txt [238] (1) | 
me : res/test3.txt [57, 57, 155, 159, 207, 230, 244, 285, 351, 406, 406, 460, 460, 462, 462, 502, 512, 528, 528, 538, 540, 540, 540, 552, 580, 584, 586, 588, 588, 588, 588, 588, 594, 600, 600, 600, 602, 618, 618, 630, 640, 642, 668, 672, 672, 672, 704, 704, 704, 721, 733, 735, 737, 737, 739, 739, 739, 739, 739, 739, 749] (61) | 
meager : res/test3.txt [412] (1) | 
meal : res/test3.txt [93] (1) | 
meals : res/test3.txt [3, 189] (2) | 
mean : res/test3.txt [153, 155, 159, 260, 406, 406, 474, 486, 486, 518, 534, 534, 574, 586, 640] (15) | 
meandering : res/test3.txt [454] (1) | 
meaning : res/test3.txt [700] (1) | 
means : res/test3.txt [672] (1) | 
meant : res/test3.txt [704, 741] (2) | 
measured : res/test3.txt [528] (1) | 
mechanically : res/test3.txt [482, 606] (2) | 
mediaeval : res/test3.txt [345] (1) | 
medical : res/test3.txt [133, 406, 410, 630] (4) | 
meditation : res/test3.txt [382] (1) | 
meditatively : res/test3.txt [105, 400] (2) | 
mediterranean : res/test3.txt [686, 707] (2) | 
medley : res/test3.txt [345] (1) | 
meet : res/test3.txt [1, 3, 600] (3) | 
meeting : res/test3.txt [598] (1) | 
memories : res/test3.txt [608] (1) | 
memory : res/test3.txt [181, 638] (2) | 
men : res/test3.txt [111, 127, 129, 131, 199, 211, 236, 238, 265, 374, 588, 592, 620, 624, 644, 731, 733, 733, 733, 739, 741, 741, 741] (23) | 
mental : res/test3.txt [731] (1) | 
mercy : res/test3.txt [588, 588] (2) | 
mere : res/test3.txt [27, 81, 119, 225, 345, 384, 474] (7) | 
merely : res/test3.txt [1, 386, 394, 398, 510, 574] (6) | 
merlin : res/test3.txt [5, 33] (2) | 
meshes : res/test3.txt [442] (1) | 
met : res/test3.txt [33, 123] (2) | 
metaphor : res/test3.txt [207] (1) | 
metaphors : res/test3.txt [207] (1) | 
middle : res/test3.txt [27, 93, 462] (3) | 
midsummer : res/test3.txt [223] (1) | 
might : res/test3.txt [1, 23, 23, 25, 27, 27, 93, 111, 119, 123, 207, 236, 265, 370, 398, 416, 426, 442, 454, 462, 476, 500, 500, 546, 560, 678, 733, 745] (28) | 
mildest : res/test3.txt [111] (1) | 
miles : res/test3.txt [103, 139, 145, 151, 223, 265, 279, 624, 624, 630, 630, 682, 682, 707] (14) | 
military : res/test3.txt [398, 398, 398] (3) | 
mind : res/test3.txt [33, 91, 185, 226, 287, 376, 460, 608, 662, 674, 688, 735, 735] (13) | 
minds : res/test3.txt [25, 737] (2) | 
mine : res/test3.txt [61, 560, 628, 678, 704] (5) | 
minor : res/test3.txt [33, 33, 256] (3) | 
minstrel : res/test3.txt [65, 71, 71] (3) | 
minute : res/test3.txt [556] (1) | 
minutely : res/test3.txt [378] (1) | 
minutes : res/test3.txt [275, 668, 672] (3) | 
miracle : res/test3.txt [704, 704] (2) | 
miracles : res/test3.txt [540, 704, 733] (3) | 
miraculous : res/test3.txt [125, 127] (2) | 
mirror : res/test3.txt [382, 382, 638] (3) | 
miscalculation : res/test3.txt [739] (1) | 
mischief : res/test3.txt [598] (1) | 
miss : res/test3.txt [175, 281, 353, 474, 502, 735] (6) | 
mist : res/test3.txt [27] (1) | 
misunderstood : res/test3.txt [1] (1) | 
mixed : res/test3.txt [745] (1) | 
modern : res/test3.txt [33, 364] (2) | 
mold : res/test3.txt [25] (1) | 
moment : res/test3.txt [55, 85, 171, 183, 223, 226, 311, 386, 386, 400, 476, 502, 532, 546, 600, 602, 630, 656, 739] (19) | 
momentary : res/test3.txt [226, 462] (2) | 
moments : res/test3.txt [345, 380] (2) | 
money : res/test3.txt [67, 69, 93, 528, 586] (5) | 
monk : res/test3.txt [236, 246] (2) | 
monomania : res/test3.txt [15] (1) | 
monstrous : res/test3.txt [111, 370] (2) | 
monstrously : res/test3.txt [560] (1) | 
month : res/test3.txt [189, 707] (2) | 
months : res/test3.txt [85] (1) | 
moon : res/test3.txt [135, 209, 470, 674] (4) | 
moonshine : res/test3.txt [538, 540, 602, 674] (4) | 
morality : res/test3.txt [588] (1) | 
morally : res/test3.txt [500] (1) | 
morbid : res/test3.txt [580] (1) | 
more : res/test3.txt [3, 13, 15, 15, 27, 27, 33, 33, 33, 55, 65, 119, 119, 151, 151, 161, 179, 185, 189, 189, 189, 191, 207, 207, 209, 209, 211, 236, 265, 277, 309, 345, 345, 355, 360, 378, 382, 386, 386, 386, 398, 398, 406, 412, 420, 442, 470, 476, 498, 534, 534, 572, 586, 588, 608, 622, 630, 630, 656, 678, 680, 680, 682, 696, 707, 721, 733, 733, 735, 735, 737, 741, 745] (73) | 
morning : res/test3.txt [23, 277, 345, 406, 410, 552, 656, 723] (8) | 
morrow : res/test3.txt [333] (1) | 
moslem : res/test3.txt [1] (1) | 
mosque : res/test3.txt [1] (1) | 
mossy : res/test3.txt [442] (1) | 
most : res/test3.txt [33, 111, 119, 189, 265, 410, 412, 538, 612, 636, 704, 707, 731] (13) | 
motioning : res/test3.txt [244, 394] (2) | 
motionless : res/test3.txt [3, 254, 368] (3) | 
motives : res/test3.txt [470, 709] (2) | 
mount : res/test3.txt [273, 345] (2) | 
mounted : res/test3.txt [652] (1) | 
mounting : res/test3.txt [490] (1) | 
mournful : res/test3.txt [406, 478] (2) | 
mourning : res/test3.txt [277] (1) | 
mouth : res/test3.txt [225, 398, 484] (3) | 
move : res/test3.txt [17, 17, 141, 209, 221, 510, 646, 694] (8) | 
moved : res/test3.txt [51, 111, 226, 382, 398, 400] (6) | 
movement : res/test3.txt [157, 181, 183, 291, 394, 658] (6) | 
movements : res/test3.txt [620] (1) | 
moves : res/test3.txt [741] (1) | 
moving : res/test3.txt [179, 400] (2) | 
mows : res/test3.txt [195] (1) | 
mr : res/test3.txt [33, 35, 41, 85, 85, 87, 89, 89, 119, 125, 141, 145, 151, 189, 195, 230, 248, 327, 450, 462, 474, 500, 512, 512, 534, 534, 534, 540, 540, 580, 580, 586, 588, 590, 608, 618, 620, 620, 620, 620, 632, 632, 678, 678, 682, 688, 688, 698, 698, 731, 731, 735, 739] (53) | 
mrs : res/test3.txt [538, 632] (2) | 
much : res/test3.txt [1, 23, 33, 39, 55, 119, 173, 265, 281, 355, 400, 406, 470, 552, 554, 588, 608, 608, 608, 630, 656, 666, 688, 704, 721, 731, 731, 735, 739, 741] (30) | 
mud : res/test3.txt [135, 731] (2) | 
muffled : res/test3.txt [169] (1) | 
mug : res/test3.txt [566] (1) | 
mulberry : res/test3.txt [135] (1) | 
multiplied : res/test3.txt [25] (1) | 
murder : res/test3.txt [500, 580, 588, 592, 608, 676, 713, 717, 739] (9) | 
murdered : res/test3.txt [386] (1) | 
murderer : res/test3.txt [454, 454, 466, 500, 556, 556, 580, 640, 739] (9) | 
murderers : res/test3.txt [560, 572, 580, 590] (4) | 
murderess : res/test3.txt [554] (1) | 
murderous : res/test3.txt [327] (1) | 
murmur : res/test3.txt [386, 468] (2) | 
murmuring : res/test3.txt [111] (1) | 
museum : res/test3.txt [33] (1) | 
must : res/test3.txt [71, 99, 141, 169, 265, 299, 303, 400, 418, 420, 500, 500, 512, 534, 534, 538, 540, 544, 588, 590, 600, 646, 650, 650, 650, 698, 735, 741] (28) | 
mustache : res/test3.txt [3, 398, 656] (3) | 
mustered : res/test3.txt [248] (1) | 
mustn : res/test3.txt [195] (1) | 
mutiny : res/test3.txt [169] (1) | 
muttered : res/test3.txt [626] (1) | 
my : res/test3.txt [17, 49, 71, 85, 89, 101, 141, 256, 285, 299, 313, 450, 454, 470, 470, 500, 500, 528, 528, 528, 534, 534, 534, 534, 534, 538, 580, 588, 588, 590, 598, 600, 600, 670, 678, 704, 704, 707, 707, 707, 731, 731, 733, 733, 733, 733, 733, 733, 733, 735, 735, 737, 737, 741] (54) | 
myself : res/test3.txt [283, 333, 512, 552, 572, 642, 678, 704, 731, 739, 745] (11) | 
mysterious : res/test3.txt [442, 496, 608, 608] (4) | 
mystery : res/test3.txt [189, 378, 424, 510, 592, 628] (6) | 
mystic : res/test3.txt [454, 466, 466, 496, 496] (5) | 
mystics : res/test3.txt [238] (1) | 
myth : res/test3.txt [111] (1) | 
mythological : res/test3.txt [380, 628] (2) | 
mythology : res/test3.txt [33] (1) | 
name : res/test3.txt [121, 139, 510, 731] (4) | 
named : res/test3.txt [33] (1) | 
nameless : res/test3.txt [372, 622] (2) | 
naming : res/test3.txt [380] (1) | 
napoleon : res/test3.txt [119, 119, 315] (3) | 
napoleonic : res/test3.txt [574, 743] (2) | 
narration : res/test3.txt [729] (1) | 
narrow : res/test3.txt [694] (1) | 
narrows : res/test3.txt [111] (1) | 
nation : res/test3.txt [508] (1) | 
natives : res/test3.txt [75, 111] (2) | 
natural : res/test3.txt [27, 47, 225, 240, 262, 386, 426, 608, 658, 682, 709, 733, 733] (13) | 
naturalists : res/test3.txt [442] (1) | 
naturally : res/test3.txt [23, 725] (2) | 
naturalness : res/test3.txt [666] (1) | 
nature : res/test3.txt [133, 135] (2) | 
naughty : res/test3.txt [1] (1) | 
near : res/test3.txt [15, 248, 360, 380, 600, 600, 650, 733, 737] (9) | 
nearer : res/test3.txt [380, 394, 656] (3) | 
nearest : res/test3.txt [275] (1) | 
nearly : res/test3.txt [61, 442, 709] (3) | 
neatly : res/test3.txt [398] (1) | 
necessary : res/test3.txt [133, 236, 289, 650, 707, 709] (6) | 
neck : res/test3.txt [236, 694, 709] (3) | 
need : res/test3.txt [73, 265, 538] (3) | 
needed : res/test3.txt [588, 608] (2) | 
needlessly : res/test3.txt [364] (1) | 
needn : res/test3.txt [620] (1) | 
negative : res/test3.txt [211] (1) | 
negro : res/test3.txt [121] (1) | 
neighbor : res/test3.txt [87] (1) | 
neighborhood : res/test3.txt [189] (1) | 
neither : res/test3.txt [386] (1) | 
neo : res/test3.txt [608] (1) | 
nephew : res/test3.txt [31] (1) | 
nerve : res/test3.txt [31, 508] (2) | 
nerves : res/test3.txt [406] (1) | 
nests : res/test3.txt [111] (1) | 
net : res/test3.txt [410, 412, 416, 442] (4) | 
never : res/test3.txt [91, 121, 139, 185, 271, 345, 351, 362, 534, 538, 560, 580, 586, 586, 592, 594, 608, 678, 686, 704, 704, 729, 731, 733, 733, 735] (26) | 
nevertheless : res/test3.txt [666] (1) | 
new : res/test3.txt [33, 33, 33, 85, 93, 101, 119, 189, 195, 197, 331, 364, 378, 500, 502, 544, 608, 608, 672, 743] (20) | 
newcomer : res/test3.txt [65] (1) | 
newer : res/test3.txt [345, 345, 498] (3) | 
newgate : res/test3.txt [620] (1) | 
news : res/test3.txt [95, 175, 656] (3) | 
next : res/test3.txt [77, 85, 171, 345, 410, 588, 588, 594, 600, 632, 688, 729] (12) | 
nice : res/test3.txt [113] (1) | 
nigger : res/test3.txt [71] (1) | 
night : res/test3.txt [111, 195, 207, 209, 209, 211, 215, 219, 223, 223, 236, 238, 254, 279, 319, 323, 380, 406, 462, 462, 470, 474, 512, 588, 630, 640, 704, 704] (28) | 
nightfall : res/test3.txt [275] (1) | 
nightmare : res/test3.txt [117, 171, 240, 374] (4) | 
no : res/test3.txt [1, 5, 71, 207, 232, 238, 248, 265, 271, 277, 285, 291, 291, 299, 305, 372, 380, 380, 380, 386, 410, 424, 452, 462, 470, 474, 500, 500, 508, 520, 520, 564, 580, 586, 588, 588, 588, 588, 588, 600, 656, 660, 672, 672, 707, 725, 729, 735, 737, 739, 739, 739, 741, 745] (54) | 
nobody : res/test3.txt [337, 470, 474, 534, 572, 731] (6) | 
nocturnal : res/test3.txt [265] (1) | 
nodded : res/test3.txt [226, 240, 440, 706] (4) | 
nodding : res/test3.txt [707] (1) | 
noise : res/test3.txt [101, 197, 264, 264, 384, 630, 682] (7) | 
none : res/test3.txt [238, 580, 588, 696] (4) | 
nonsense : res/test3.txt [1, 5, 5, 5, 197, 704, 733] (7) | 
nonsensical : res/test3.txt [1] (1) | 
noodles : res/test3.txt [707] (1) | 
nor : res/test3.txt [33, 380, 566, 608] (4) | 
normal : res/test3.txt [45] (1) | 
normally : res/test3.txt [15, 462] (2) | 
not : res/test3.txt [1, 5, 33, 33, 33, 41, 47, 53, 55, 55, 59, 61, 61, 65, 71, 91, 93, 101, 105, 111, 111, 111, 139, 141, 157, 179, 179, 181, 187, 189, 191, 201, 205, 207, 209, 209, 211, 225, 226, 226, 236, 246, 265, 265, 265, 271, 273, 277, 281, 285, 319, 319, 345, 355, 364, 370, 372, 376, 378, 380, 380, 380, 382, 384, 384, 386, 386, 386, 388, 390, 394, 394, 398, 406, 406, 408, 410, 412, 424, 440, 474, 500, 500, 500, 500, 500, 500, 510, 510, 512, 512, 526, 528, 528, 528, 528, 534, 534, 534, 538, 538, 538, 538, 548, 552, 566, 578, 578, 586, 594, 598, 600, 600, 608, 608, 608, 612, 618, 620, 638, 640, 662, 668, 672, 678, 682, 682, 688, 688, 694, 704, 719, 721, 729, 731, 731, 731, 733, 733, 733, 735, 735, 739, 739, 739, 739, 739, 739, 741, 741, 741, 741, 741, 745] (154) | 
note : res/test3.txt [209, 262, 672] (3) | 
noted : res/test3.txt [65, 236, 739] (3) | 
notes : res/test3.txt [612, 630, 731] (3) | 
nothing : res/test3.txt [7, 111, 236, 265, 291, 331, 351, 386, 386, 406, 410, 412, 420, 476, 498, 508, 510, 540, 574, 704, 731, 731, 731, 731] (24) | 
notice : res/test3.txt [534, 534] (2) | 
noticed : res/test3.txt [139, 534, 678] (3) | 
noticing : res/test3.txt [53] (1) | 
noting : res/test3.txt [498] (1) | 
notion : res/test3.txt [299, 337, 620, 704, 729, 733] (6) | 
novelty : res/test3.txt [660] (1) | 
now : res/test3.txt [45, 71, 103, 129, 153, 163, 165, 169, 185, 189, 267, 277, 285, 319, 327, 333, 347, 351, 384, 410, 454, 500, 500, 546, 580, 586, 600, 618, 620, 630, 656, 676, 723, 729, 733, 737, 745, 745] (38) | 
nuisance : res/test3.txt [630, 733] (2) | 
number : res/test3.txt [733, 733] (2) | 
oath : res/test3.txt [470] (1) | 
objection : res/test3.txt [191, 191, 195] (3) | 
objective : res/test3.txt [181] (1) | 
objects : res/test3.txt [25] (1) | 
oblivion : res/test3.txt [236] (1) | 
obnoxious : res/test3.txt [25] (1) | 
obscure : res/test3.txt [532] (1) | 
obscurely : res/test3.txt [608] (1) | 
observed : res/test3.txt [7, 11, 75, 297, 396, 630] (6) | 
obstacle : res/test3.txt [733] (1) | 
obtained : res/test3.txt [608] (1) | 
obvious : res/test3.txt [454, 688, 739] (3) | 
obviously : res/test3.txt [133, 470] (2) | 
occasion : res/test3.txt [33, 418] (2) | 
occasional : res/test3.txt [238, 265, 277] (3) | 
occasionally : res/test3.txt [197] (1) | 
occupied : res/test3.txt [608, 608] (2) | 
occurred : res/test3.txt [592] (1) | 
odd : res/test3.txt [65, 374, 390, 636, 636, 636] (6) | 
oddly : res/test3.txt [101, 588] (2) | 
of : res/test3.txt [1, 1, 1, 1, 1, 1, 1, 1, 1, 3, 3, 3, 5, 5, 5, 5, 5, 5, 7, 9, 13, 15, 15, 23, 23, 23, 23, 23, 23, 23, 25, 25, 25, 25, 25, 25, 25, 25, 25, 25, 27, 27, 27, 27, 27, 27, 27, 27, 27, 27, 27, 27, 27, 31, 31, 31, 31, 31, 33, 33, 33, 33, 33, 33, 33, 33, 33, 33, 33, 33, 33, 33, 35, 37, 45, 45, 51, 51, 51, 53, 53, 53, 53, 53, 53, 55, 55, 55, 57, 57, 57, 61, 65, 67, 71, 81, 83, 85, 85, 87, 93, 93, 95, 95, 101, 101, 101, 101, 101, 101, 103, 103, 103, 105, 107, 107, 111, 111, 111, 111, 111, 111, 111, 111, 111, 111, 111, 111, 111, 111, 111, 111, 111, 111, 111, 111, 111, 111, 111, 113, 117, 119, 119, 119, 121, 121, 125, 127, 127, 129, 133, 133, 135, 139, 139, 139, 139, 139, 139, 151, 155, 155, 155, 157, 163, 165, 169, 175, 179, 179, 179, 181, 181, 181, 181, 181, 187, 187, 187, 189, 189, 189, 189, 191, 191, 191, 195, 195, 195, 197, 199, 207, 209, 209, 211, 211, 223, 223, 223, 223, 225, 225, 225, 225, 225, 225, 225, 226, 228, 228, 230, 234, 236, 236, 236, 236, 236, 236, 236, 236, 238, 238, 238, 238, 240, 240, 240, 240, 244, 246, 248, 254, 258, 262, 264, 264, 264, 264, 264, 264, 264, 264, 264, 265, 265, 265, 265, 265, 275, 275, 275, 277, 277, 277, 277, 277, 277, 277, 277, 277, 277, 279, 279, 285, 285, 289, 291, 291, 293, 293, 293, 299, 299, 305, 309, 311, 315, 315, 319, 321, 327, 327, 331, 331, 333, 337, 343, 345, 345, 345, 345, 345, 345, 345, 345, 345, 345, 345, 345, 345, 345, 345, 345, 345, 345, 345, 345, 347, 347, 347, 347, 353, 355, 360, 360, 360, 360, 360, 360, 362, 362, 362, 362, 362, 364, 368, 374, 374, 374, 374, 374, 376, 378, 378, 378, 378, 378, 378, 380, 380, 380, 380, 380, 380, 380, 382, 382, 382, 386, 386, 386, 386, 386, 386, 386, 386, 386, 386, 386, 386, 388, 388, 390, 390, 390, 394, 396, 398, 398, 398, 398, 398, 398, 400, 400, 406, 406, 406, 410, 410, 410, 412, 412, 412, 412, 412, 412, 416, 418, 424, 424, 424, 426, 428, 432, 442, 442, 442, 442, 442, 444, 446, 446, 454, 460, 462, 462, 468, 470, 470, 470, 474, 474, 484, 498, 500, 500, 500, 500, 500, 500, 500, 500, 502, 502, 506, 506, 506, 506, 506, 508, 508, 508, 508, 508, 508, 510, 510, 510, 510, 518, 522, 526, 528, 528, 528, 528, 534, 534, 534, 534, 534, 534, 534, 538, 540, 540, 542, 546, 546, 546, 548, 550, 550, 552, 552, 552, 552, 556, 560, 560, 564, 566, 566, 566, 572, 572, 572, 574, 574, 574, 576, 580, 580, 580, 580, 580, 586, 586, 586, 588, 588, 588, 588, 588, 590, 592, 596, 598, 600, 600, 600, 600, 600, 600, 600, 600, 600, 600, 600, 602, 608, 608, 608, 608, 608, 608, 608, 608, 608, 608, 608, 608, 608, 608, 608, 608, 608, 608, 608, 608, 612, 612, 612, 612, 620, 620, 622, 622, 622, 624, 624, 626, 630, 630, 630, 630, 630, 632, 632, 634, 636, 636, 636, 638, 640, 644, 644, 650, 650, 650, 656, 656, 656, 656, 656, 660, 660, 662, 662, 662, 662, 664, 666, 672, 672, 672, 672, 672, 674, 674, 676, 678, 678, 680, 682, 682, 682, 682, 682, 682, 682, 682, 682, 682, 682, 682, 686, 686, 688, 688, 694, 696, 696, 696, 696, 696, 698, 698, 700, 704, 704, 704, 704, 704, 704, 707, 707, 707, 707, 707, 707, 707, 707, 709, 709, 709, 713, 713, 719, 721, 723, 725, 725, 725, 729, 729, 729, 729, 729, 731, 731, 731, 731, 731, 731, 731, 733, 733, 733, 733, 733, 733, 733, 733, 733, 733, 733, 733, 733, 733, 735, 735, 735, 735, 735, 735, 737, 737, 737, 739, 739, 739, 739, 741, 741, 741, 743, 743, 745, 745] (681) | 
off : res/test3.txt [1, 55, 151, 199, 221, 248, 293, 293, 299, 408, 416, 454, 528, 588, 588, 608, 614, 660, 662, 696, 733, 737] (22) | 
offer : res/test3.txt [93] (1) | 
offered : res/test3.txt [93, 360] (2) | 
officer : res/test3.txt [630] (1) | 
often : res/test3.txt [199, 398, 548, 572, 600, 707] (6) | 
ogre : res/test3.txt [195] (1) | 
oh : res/test3.txt [13, 43, 101, 107, 123, 155, 177, 244, 262, 285, 285, 305, 534, 552] (14) | 
old : res/test3.txt [1, 3, 5, 23, 23, 33, 67, 199, 277, 277, 277, 345, 462, 466, 474, 534, 534, 538, 572, 598, 600, 602, 602, 612, 630, 642, 654, 672, 696, 707, 715, 737, 743] (33) | 
older : res/test3.txt [23, 23, 244, 438, 502] (5) | 
ominous : res/test3.txt [240] (1) | 
omission : res/test3.txt [236] (1) | 
on : res/test3.txt [1, 1, 1, 3, 15, 23, 33, 33, 37, 45, 47, 51, 53, 53, 55, 65, 67, 81, 93, 93, 101, 105, 109, 111, 111, 139, 141, 145, 173, 179, 183, 189, 189, 195, 195, 195, 197, 205, 209, 211, 215, 221, 225, 238, 238, 244, 248, 265, 265, 279, 285, 319, 345, 345, 345, 345, 345, 345, 347, 353, 355, 360, 362, 368, 368, 370, 372, 374, 376, 376, 380, 380, 380, 388, 396, 406, 410, 410, 412, 424, 432, 442, 446, 454, 462, 470, 470, 470, 470, 474, 474, 502, 506, 510, 512, 528, 534, 550, 566, 566, 570, 584, 588, 588, 604, 606, 608, 608, 608, 608, 608, 608, 608, 608, 612, 612, 612, 618, 620, 626, 634, 636, 650, 652, 656, 662, 672, 674, 674, 682, 694, 696, 696, 700, 704, 707, 723, 725, 729, 729, 733, 733, 735, 737, 749, 751] (146) | 
once : res/test3.txt [111, 111, 151, 207, 236, 240, 277, 327, 345, 347, 382, 386, 470, 546, 580, 646, 650, 656, 662, 668, 678, 729, 733] (23) | 
one : res/test3.txt [1, 1, 3, 5, 5, 15, 19, 23, 27, 27, 55, 55, 55, 57, 79, 101, 111, 111, 111, 115, 119, 119, 157, 187, 189, 191, 195, 195, 223, 225, 225, 232, 236, 236, 279, 285, 311, 345, 345, 359, 360, 374, 374, 376, 378, 378, 380, 386, 398, 400, 412, 412, 424, 446, 462, 462, 474, 500, 508, 534, 552, 580, 588, 608, 608, 608, 608, 630, 630, 632, 660, 660, 662, 678, 678, 678, 682, 682, 688, 694, 704, 715, 725, 733, 733, 739] (86) | 
only : res/test3.txt [1, 33, 47, 55, 55, 79, 85, 111, 111, 121, 123, 195, 209, 225, 234, 240, 264, 277, 285, 285, 285, 293, 327, 345, 360, 360, 374, 412, 442, 462, 462, 500, 510, 512, 560, 604, 608, 608, 620, 630, 630, 630, 662, 672, 688, 709, 731, 733, 735, 739, 739, 739] (52) | 
open : res/test3.txt [362, 484, 508, 566, 608] (5) | 
opened : res/test3.txt [111, 374] (2) | 
opening : res/test3.txt [384, 506, 570, 682] (4) | 
openings : res/test3.txt [682] (1) | 
openly : res/test3.txt [608] (1) | 
operation : res/test3.txt [640] (1) | 
operations : res/test3.txt [412] (1) | 
opinion : res/test3.txt [5, 454, 454, 729] (4) | 
opportunity : res/test3.txt [608] (1) | 
opposite : res/test3.txt [111, 240, 240] (3) | 
oppressed : res/test3.txt [139] (1) | 
or : res/test3.txt [23, 23, 23, 25, 25, 27, 27, 27, 27, 33, 53, 55, 57, 57, 57, 77, 101, 101, 117, 117, 191, 195, 211, 219, 225, 225, 236, 236, 238, 238, 238, 240, 265, 265, 265, 277, 279, 285, 295, 295, 295, 299, 303, 333, 345, 345, 345, 345, 376, 378, 380, 386, 386, 390, 398, 406, 408, 412, 416, 440, 442, 442, 462, 476, 500, 500, 500, 508, 510, 512, 528, 534, 534, 534, 534, 534, 548, 552, 552, 578, 586, 600, 600, 622, 650, 662, 672, 672, 694, 707, 709, 731, 731, 733, 733, 735, 735] (97) | 
oracle : res/test3.txt [345] (1) | 
order : res/test3.txt [588] (1) | 
ordinary : res/test3.txt [355, 628, 684] (3) | 
organism : res/test3.txt [133, 135] (2) | 
originally : res/test3.txt [121, 474] (2) | 
orm : res/test3.txt [739] (1) | 
ornamental : res/test3.txt [3] (1) | 
orpheus : res/test3.txt [111] (1) | 
orthodox : res/test3.txt [1] (1) | 
other : res/test3.txt [25, 33, 65, 111, 111, 135, 139, 189, 189, 197, 205, 256, 264, 311, 321, 345, 412, 422, 434, 464, 476, 476, 482, 508, 538, 538, 564, 572, 588, 600, 600, 608, 608, 618, 620, 620, 630, 630, 632, 632, 642, 660, 662, 678, 682, 715, 731, 731, 731, 733, 739] (51) | 
others : res/test3.txt [33, 139, 199, 209, 265, 275, 275, 275, 656, 741] (10) | 
otherwise : res/test3.txt [240, 398, 678] (3) | 
ought : res/test3.txt [9, 502] (2) | 
our : res/test3.txt [41, 163, 169, 169, 169, 169, 285, 319, 319, 323, 534, 534, 538, 564, 598, 628, 672, 737, 745, 745] (20) | 
ours : res/test3.txt [95] (1) | 
ourselves : res/test3.txt [396] (1) | 
out : res/test3.txt [25, 25, 25, 27, 27, 27, 27, 55, 77, 85, 93, 93, 101, 111, 179, 189, 189, 189, 195, 223, 232, 236, 279, 299, 323, 345, 355, 362, 378, 386, 386, 386, 388, 406, 412, 470, 470, 500, 500, 508, 508, 512, 518, 534, 546, 570, 580, 602, 636, 638, 650, 672, 678, 696, 696, 709] (56) | 
outdoor : res/test3.txt [3] (1) | 
outlandish : res/test3.txt [23] (1) | 
outlook : res/test3.txt [1] (1) | 
outside : res/test3.txt [33, 264, 345, 347, 454, 566, 608, 630, 682] (9) | 
outsider : res/test3.txt [462] (1) | 
outstretched : res/test3.txt [723] (1) | 
outward : res/test3.txt [380] (1) | 
over : res/test3.txt [25, 27, 53, 67, 101, 101, 135, 187, 187, 209, 232, 236, 250, 287, 293, 345, 345, 362, 412, 436, 470, 662, 682, 690, 694, 696, 696, 707, 721, 739] (30) | 
overcame : res/test3.txt [111] (1) | 
overhanging : res/test3.txt [723] (1) | 
overhung : res/test3.txt [225] (1) | 
overruled : res/test3.txt [729] (1) | 
owl : res/test3.txt [602] (1) | 
own : res/test3.txt [15, 33, 55, 93, 111, 157, 209, 230, 262, 279, 285, 299, 374, 400, 410, 410, 428, 454, 510, 534, 580, 608, 709, 721, 729, 729, 733] (27) | 
paced : res/test3.txt [238] (1) | 
pacing : res/test3.txt [236] (1) | 
pack : res/test3.txt [660] (1) | 
pagan : res/test3.txt [181, 181, 345] (3) | 
pageant : res/test3.txt [111] (1) | 
paid : res/test3.txt [550, 656] (2) | 
painful : res/test3.txt [83, 398, 506, 640, 668, 680] (6) | 
paint : res/test3.txt [704] (1) | 
painted : res/test3.txt [345, 644] (2) | 
painter : res/test3.txt [650, 656] (2) | 
paired : res/test3.txt [151] (1) | 
pale : res/test3.txt [240, 260, 325, 476, 484, 510, 656, 662] (8) | 
paler : res/test3.txt [173] (1) | 
panama : res/test3.txt [3, 372] (2) | 
paradise : res/test3.txt [572, 576] (2) | 
parallel : res/test3.txt [33] (1) | 
parchment : res/test3.txt [23] (1) | 
pardon : res/test3.txt [141, 303, 733] (3) | 
park : res/test3.txt [345, 652] (2) | 
parody : res/test3.txt [733] (1) | 
part : res/test3.txt [25, 27, 53, 107, 506, 670, 704, 707, 723] (9) | 
parthian : res/test3.txt [141] (1) | 
particular : res/test3.txt [139, 426, 707] (3) | 
particularly : res/test3.txt [1, 508] (2) | 
partly : res/test3.txt [374] (1) | 
parts : res/test3.txt [23, 238] (2) | 
party : res/test3.txt [1, 93, 113, 141] (4) | 
pass : res/test3.txt [410, 704] (2) | 
passage : res/test3.txt [362, 608] (2) | 
passages : res/test3.txt [682] (1) | 
passed : res/test3.txt [23, 53, 179, 236, 254, 382, 733] (7) | 
passing : res/test3.txt [23, 197, 223, 696, 696] (5) | 
passion : res/test3.txt [223, 277] (2) | 
passions : res/test3.txt [586] (1) | 
past : res/test3.txt [345, 462, 608, 682] (4) | 
patch : res/test3.txt [23] (1) | 
patches : res/test3.txt [31] (1) | 
pater : res/test3.txt [33] (1) | 
path : res/test3.txt [3, 15, 51, 51, 53, 53, 55, 55, 57, 225, 225, 273, 285, 301, 359, 360, 378, 378, 662, 662] (20) | 
patiently : res/test3.txt [277, 604] (2) | 
patients : res/test3.txt [299] (1) | 
patriots : res/test3.txt [101] (1) | 
patronage : res/test3.txt [91] (1) | 
pattern : res/test3.txt [111] (1) | 
patterns : res/test3.txt [23] (1) | 
pause : res/test3.txt [163, 590, 598, 656] (4) | 
paused : res/test3.txt [5] (1) | 
paved : res/test3.txt [3] (1) | 
paynter : res/test3.txt [33, 35, 41, 85, 85, 89, 91, 91, 97, 103, 119, 121, 129, 189, 195, 223, 223, 226, 226, 230, 232, 240, 240, 240, 246, 256, 264, 267, 277, 291, 297, 303, 307, 315, 325, 353, 355, 359, 372, 380, 382, 386, 394, 398, 398, 400, 400, 404, 408, 418, 440, 442, 450, 454, 458, 462, 468, 472, 474, 476, 490, 500, 502, 506, 526, 534, 534, 534, 536, 540, 550, 556, 562, 570, 580, 582, 586, 588, 592, 606, 608, 608, 608, 608, 608, 612, 616, 622, 626, 632, 644, 648, 652, 660, 670, 678, 678, 682, 688, 696, 698, 723, 731, 739] (104) | 
peacock : res/test3.txt [9, 81, 101, 101, 189, 195, 258, 345, 374, 380, 460, 474, 608, 698, 707, 723, 731, 733, 733, 739] (20) | 
peacocks : res/test3.txt [111, 195, 380] (3) | 
peak : res/test3.txt [364] (1) | 
peasant : res/test3.txt [15, 165] (2) | 
peasantry : res/test3.txt [5, 731] (2) | 
peasants : res/test3.txt [733, 741, 745] (3) | 
peculiar : res/test3.txt [731] (1) | 
peculiarity : res/test3.txt [678] (1) | 
peer : res/test3.txt [656] (1) | 
peering : res/test3.txt [412] (1) | 
peninsula : res/test3.txt [27] (1) | 
people : res/test3.txt [5, 93, 119, 119, 191, 193, 195, 195, 199, 211, 285, 337, 462, 534, 538, 560, 568, 572, 620, 630, 682, 704, 707, 733, 737, 745, 745] (27) | 
perch : res/test3.txt [372] (1) | 
perfectly : res/test3.txt [1, 119, 262, 355, 462, 528, 534, 709] (8) | 
perhaps : res/test3.txt [23, 33, 55, 61, 71, 75, 101, 141, 155, 157, 209, 265, 313, 345, 386, 474, 498, 510, 538, 592, 592, 608, 654, 668, 678, 729, 733] (27) | 
perishing : res/test3.txt [534, 534] (2) | 
permanently : res/test3.txt [1] (1) | 
permission : res/test3.txt [608] (1) | 
perplexity : res/test3.txt [510] (1) | 
persisted : res/test3.txt [15] (1) | 
person : res/test3.txt [378, 500, 548, 739, 739] (5) | 
persons : res/test3.txt [378, 548] (2) | 
pessimistic : res/test3.txt [510] (1) | 
pestilence : res/test3.txt [737] (1) | 
petered : res/test3.txt [195] (1) | 
peters : res/test3.txt [195] (1) | 
petty : res/test3.txt [119] (1) | 
phase : res/test3.txt [5] (1) | 
phoenicians : res/test3.txt [23] (1) | 
phrases : res/test3.txt [508] (1) | 
picasso : res/test3.txt [608] (1) | 
pick : res/test3.txt [351, 351, 632] (3) | 
picked : res/test3.txt [396, 414, 474, 492, 498] (5) | 
picture : res/test3.txt [93, 588] (2) | 
picturesque : res/test3.txt [345, 345, 608] (3) | 
piece : res/test3.txt [129] (1) | 
pieces : res/test3.txt [111, 299, 299] (3) | 
pier : res/test3.txt [3, 45, 53, 662] (4) | 
pierced : res/test3.txt [25, 662] (2) | 
piety : res/test3.txt [731] (1) | 
pipe : res/test3.txt [608] (1) | 
pirates : res/test3.txt [101] (1) | 
pitiable : res/test3.txt [538] (1) | 
pity : res/test3.txt [510] (1) | 
place : res/test3.txt [67, 71, 111, 207, 345, 376, 378, 462, 534, 560, 566, 608, 739] (13) | 
placed : res/test3.txt [612] (1) | 
placid : res/test3.txt [345] (1) | 
plain : res/test3.txt [113, 345, 345, 592, 644, 644, 729, 733, 733] (9) | 
plainly : res/test3.txt [420, 470, 624] (3) | 
plan : res/test3.txt [345, 735, 741] (3) | 
plans : res/test3.txt [704] (1) | 
plant : res/test3.txt [117, 741] (2) | 
plantation : res/test3.txt [230] (1) | 
plants : res/test3.txt [11] (1) | 
plates : res/test3.txt [223] (1) | 
play : res/test3.txt [345, 707] (2) | 
played : res/test3.txt [1, 135, 606] (3) | 
playing : res/test3.txt [109] (1) | 
pleasant : res/test3.txt [141, 707] (2) | 
pleasantly : res/test3.txt [702] (1) | 
please : res/test3.txt [141, 406] (2) | 
pleased : res/test3.txt [89, 345] (2) | 
pleasure : res/test3.txt [33] (1) | 
pleiades : res/test3.txt [135] (1) | 
plodding : res/test3.txt [733] (1) | 
pluck : res/test3.txt [111, 189] (2) | 
plucked : res/test3.txt [660] (1) | 
plume : res/test3.txt [111] (1) | 
plunged : res/test3.txt [225, 275] (2) | 
plunging : res/test3.txt [29] (1) | 
plying : res/test3.txt [163] (1) | 
pockets : res/test3.txt [570] (1) | 
poem : res/test3.txt [698] (1) | 
poet : res/test3.txt [33, 85, 91, 91, 93, 123, 123, 127, 137, 151, 181, 189, 199, 209, 209, 215, 244, 246, 248, 256, 258, 285, 285, 319, 319, 323, 327, 327, 386, 500, 508, 552, 564, 570, 584, 586, 588, 596, 644] (39) | 
poetically : res/test3.txt [319] (1) | 
poetry : res/test3.txt [189, 698, 731] (3) | 
poets : res/test3.txt [33, 33, 33, 33, 560, 588] (6) | 
point : res/test3.txt [5, 5, 211, 265, 378, 380, 454, 462, 474, 512, 534, 550, 632, 721] (14) | 
pointed : res/test3.txt [81, 163, 546, 723] (4) | 
pointing : res/test3.txt [630] (1) | 
poisonous : res/test3.txt [199, 731, 733, 735] (4) | 
polar : res/test3.txt [244] (1) | 
police : res/test3.txt [548] (1) | 
policeman : res/test3.txt [337, 614, 628] (3) | 
policemen : res/test3.txt [337, 662] (2) | 
policy : res/test3.txt [1] (1) | 
polite : res/test3.txt [612] (1) | 
politely : res/test3.txt [277] (1) | 
politeness : res/test3.txt [109] (1) | 
politician : res/test3.txt [248] (1) | 
pollen : res/test3.txt [733, 735, 735] (3) | 
pondered : res/test3.txt [277] (1) | 
pondering : res/test3.txt [412] (1) | 
poor : res/test3.txt [143, 175, 211, 285, 289, 295, 299, 394, 396, 396, 406, 430, 462, 466, 476, 528, 534, 572, 588, 588, 741] (21) | 
popular : res/test3.txt [733, 735, 735] (3) | 
population : res/test3.txt [23] (1) | 
port : res/test3.txt [707] (1) | 
portrait : res/test3.txt [85, 139] (2) | 
position : res/test3.txt [33, 608] (2) | 
positive : res/test3.txt [211] (1) | 
positively : res/test3.txt [240] (1) | 
possession : res/test3.txt [678] (1) | 
possible : res/test3.txt [3, 289, 546, 688] (4) | 
possibly : res/test3.txt [470, 594, 650] (3) | 
post : res/test3.txt [608] (1) | 
posted : res/test3.txt [656] (1) | 
posture : res/test3.txt [376] (1) | 
pot : res/test3.txt [576, 606] (2) | 
potting : res/test3.txt [5] (1) | 
pounds : res/test3.txt [219] (1) | 
power : res/test3.txt [157, 572] (2) | 
powerful : res/test3.txt [119] (1) | 
powers : res/test3.txt [119, 534] (2) | 
practical : res/test3.txt [378, 704, 704, 704, 704, 731] (6) | 
practically : res/test3.txt [93, 470, 500, 729] (4) | 
practice : res/test3.txt [608] (1) | 
prayed : res/test3.txt [111] (1) | 
prayers : res/test3.txt [111] (1) | 
precious : res/test3.txt [733] (1) | 
precipice : res/test3.txt [211] (1) | 
precisely : res/test3.txt [739] (1) | 
predicted : res/test3.txt [608] (1) | 
preferring : res/test3.txt [608] (1) | 
prejudice : res/test3.txt [668] (1) | 
prejudices : res/test3.txt [189, 733] (2) | 
prelude : res/test3.txt [729] (1) | 
prematurely : res/test3.txt [173] (1) | 
presences : res/test3.txt [534] (1) | 
present : res/test3.txt [502] (1) | 
presented : res/test3.txt [380] (1) | 
presently : res/test3.txt [248] (1) | 
preserve : res/test3.txt [540] (1) | 
preserved : res/test3.txt [1] (1) | 
presided : res/test3.txt [93] (1) | 
presumably : res/test3.txt [55] (1) | 
presume : res/test3.txt [295] (1) | 
presumed : res/test3.txt [295] (1) | 
pretty : res/test3.txt [554] (1) | 
prevent : res/test3.txt [737] (1) | 
prevented : res/test3.txt [632] (1) | 
pricked : res/test3.txt [5] (1) | 
pride : res/test3.txt [111, 179, 264] (3) | 
prided : res/test3.txt [1] (1) | 
prima : res/test3.txt [500] (1) | 
primal : res/test3.txt [181] (1) | 
primitive : res/test3.txt [364] (1) | 
primitives : res/test3.txt [608, 608] (2) | 
principle : res/test3.txt [741, 741] (2) | 
private : res/test3.txt [462] (1) | 
probably : res/test3.txt [121, 161, 279, 327, 454] (5) | 
problem : res/test3.txt [510] (1) | 
proceed : res/test3.txt [410] (1) | 
proceeded : res/test3.txt [366, 624, 682] (3) | 
proceeding : res/test3.txt [410] (1) | 
processes : res/test3.txt [426] (1) | 
procession : res/test3.txt [1, 1] (2) | 
processions : res/test3.txt [733] (1) | 
prodigious : res/test3.txt [500] (1) | 
produce : res/test3.txt [733, 733, 739] (3) | 
produced : res/test3.txt [33] (1) | 
professional : res/test3.txt [119, 287, 400, 410] (4) | 
progress : res/test3.txt [704] (1) | 
progressed : res/test3.txt [195] (1) | 
projected : res/test3.txt [173] (1) | 
projecting : res/test3.txt [25] (1) | 
promise : res/test3.txt [733] (1) | 
promised : res/test3.txt [410] (1) | 
promontory : res/test3.txt [729] (1) | 
promptitude : res/test3.txt [660] (1) | 
proof : res/test3.txt [291, 291, 707] (3) | 
proofs : res/test3.txt [733] (1) | 
proper : res/test3.txt [1] (1) | 
property : res/test3.txt [299, 500] (2) | 
prophesied : res/test3.txt [470] (1) | 
prophets : res/test3.txt [33] (1) | 
prospect : res/test3.txt [79] (1) | 
protest : res/test3.txt [468] (1) | 
protract : res/test3.txt [668] (1) | 
proud : res/test3.txt [9] (1) | 
prove : res/test3.txt [1, 265, 739] (3) | 
proved : res/test3.txt [704, 733] (2) | 
provided : res/test3.txt [378] (1) | 
province : res/test3.txt [119] (1) | 
provoked : res/test3.txt [5] (1) | 
psychology : res/test3.txt [129] (1) | 
public : res/test3.txt [1, 630, 656] (3) | 
pull : res/test3.txt [737] (1) | 
pulled : res/test3.txt [386, 442, 678] (3) | 
pulling : res/test3.txt [3] (1) | 
punctually : res/test3.txt [410] (1) | 
punctuist : res/test3.txt [33] (1) | 
puppet : res/test3.txt [345] (1) | 
purely : res/test3.txt [209] (1) | 
purple : res/test3.txt [244, 264] (2) | 
purpose : res/test3.txt [378, 739, 739] (3) | 
purposely : res/test3.txt [682] (1) | 
purposes : res/test3.txt [223] (1) | 
pursued : res/test3.txt [301] (1) | 
pushes : res/test3.txt [27] (1) | 
put : res/test3.txt [111, 111, 183, 199, 289, 360, 400, 436, 462, 500, 534, 566, 624, 642, 672, 688, 688, 688, 688, 698, 704, 707, 709, 709, 709, 709, 713, 733, 739] (29) | 
puts : res/test3.txt [572] (1) | 
putting : res/test3.txt [566] (1) | 
puzzle : res/test3.txt [91, 500] (2) | 
puzzled : res/test3.txt [13, 85, 721, 739] (4) | 
quack : res/test3.txt [470] (1) | 
quaint : res/test3.txt [23, 109, 163, 343, 380] (5) | 
quarrel : res/test3.txt [1, 630, 745] (3) | 
quarter : res/test3.txt [275, 674] (2) | 
queer : res/test3.txt [81, 101, 115, 394, 731] (5) | 
question : res/test3.txt [560, 600, 600] (3) | 
questioning : res/test3.txt [277] (1) | 
questions : res/test3.txt [729] (1) | 
quick : res/test3.txt [737] (1) | 
quickly : res/test3.txt [315, 558] (2) | 
quiet : res/test3.txt [111, 113, 119, 412] (4) | 
quieter : res/test3.txt [151] (1) | 
quietly : res/test3.txt [199, 297, 454, 516, 602, 650] (6) | 
quietness : res/test3.txt [538] (1) | 
quire : res/test3.txt [612] (1) | 
quite : res/test3.txt [41, 57, 121, 171, 171, 213, 223, 281, 285, 337, 360, 368, 382, 388, 454, 498, 500, 512, 528, 528, 528, 570, 586, 630, 632, 668, 709, 749] (28) | 
quivering : res/test3.txt [327] (1) | 
race : res/test3.txt [23] (1) | 
raced : res/test3.txt [209] (1) | 
racial : res/test3.txt [23] (1) | 
racing : res/test3.txt [534, 662] (2) | 
radiant : res/test3.txt [1] (1) | 
radiantly : res/test3.txt [382, 540] (2) | 
radiate : res/test3.txt [137] (1) | 
rag : res/test3.txt [498, 498, 636, 739] (4) | 
rage : res/test3.txt [470] (1) | 
railway : res/test3.txt [707] (1) | 
raising : res/test3.txt [295] (1) | 
rambling : res/test3.txt [238] (1) | 
rampart : res/test3.txt [53, 662] (2) | 
ran : res/test3.txt [51, 53, 179, 225, 225, 662] (6) | 
random : res/test3.txt [240] (1) | 
rank : res/test3.txt [384] (1) | 
rapid : res/test3.txt [343, 448] (2) | 
rapidly : res/test3.txt [141, 386, 650] (3) | 
rare : res/test3.txt [191] (1) | 
rate : res/test3.txt [65, 454] (2) | 
rather : res/test3.txt [1, 3, 27, 53, 55, 57, 65, 103, 111, 137, 149, 157, 171, 179, 189, 240, 277, 281, 299, 299, 345, 349, 380, 394, 406, 408, 418, 502, 508, 510, 528, 534, 554, 580, 608, 608, 612, 620, 662, 664, 668, 678, 678, 678, 704, 715, 737, 747] (48) | 
rational : res/test3.txt [209, 735, 735, 741, 741] (5) | 
rationalist : res/test3.txt [13] (1) | 
rattled : res/test3.txt [325, 656] (2) | 
raven : res/test3.txt [23] (1) | 
ravings : res/test3.txt [729] (1) | 
re : res/test3.txt [47, 248, 327, 327, 327, 327, 450, 512, 709] (9) | 
reach : res/test3.txt [181] (1) | 
reached : res/test3.txt [51, 662] (2) | 
reaching : res/test3.txt [157] (1) | 
reaction : res/test3.txt [265, 608] (2) | 
reactions : res/test3.txt [731] (1) | 
read : res/test3.txt [33, 189, 189, 189, 574, 602] (6) | 
ready : res/test3.txt [141, 582, 608, 650] (4) | 
real : res/test3.txt [550, 592, 731] (3) | 
reality : res/test3.txt [33] (1) | 
realize : res/test3.txt [33, 119, 534] (3) | 
realized : res/test3.txt [223, 240, 275, 382, 384, 386, 400, 404] (8) | 
really : res/test3.txt [23, 29, 67, 67, 111, 121, 159, 209, 211, 244, 366, 374, 394, 394, 512, 512, 540, 544, 550, 590, 636, 670, 682, 704, 704, 719, 737] (27) | 
reappeared : res/test3.txt [275] (1) | 
reappearing : res/test3.txt [707] (1) | 
rear : res/test3.txt [660] (1) | 
rearrange : res/test3.txt [709] (1) | 
reason : res/test3.txt [376, 424, 456, 470, 552, 600, 727, 739] (8) | 
reasonable : res/test3.txt [410, 450, 528] (3) | 
reasonably : res/test3.txt [295] (1) | 
reasons : res/test3.txt [538, 564, 608] (3) | 
recall : res/test3.txt [105, 390] (2) | 
recalled : res/test3.txt [345] (1) | 
receive : res/test3.txt [608] (1) | 
recent : res/test3.txt [33] (1) | 
recently : res/test3.txt [15] (1) | 
reception : res/test3.txt [660] (1) | 
receptive : res/test3.txt [510] (1) | 
reckon : res/test3.txt [351, 707] (2) | 
recognizable : res/test3.txt [612] (1) | 
recognized : res/test3.txt [386] (1) | 
reconcilable : res/test3.txt [199] (1) | 
recover : res/test3.txt [183, 226] (2) | 
recovered : res/test3.txt [410] (1) | 
recovering : res/test3.txt [89, 632] (2) | 
recurred : res/test3.txt [386] (1) | 
red : res/test3.txt [3, 111, 119, 119, 123, 240, 260, 386, 386, 394, 398, 556, 556, 556, 588, 602, 612, 638, 654, 654, 696, 743] (22) | 
redhaired : res/test3.txt [412] (1) | 
reduced : res/test3.txt [500] (1) | 
reflected : res/test3.txt [376] (1) | 
reflecting : res/test3.txt [608] (1) | 
reflection : res/test3.txt [380, 600] (2) | 
reflections : res/test3.txt [382] (1) | 
reforms : res/test3.txt [608] (1) | 
refused : res/test3.txt [632] (1) | 
regard : res/test3.txt [735, 745] (2) | 
regarded : res/test3.txt [600] (1) | 
regime : res/test3.txt [725] (1) | 
regular : res/test3.txt [236] (1) | 
relapse : res/test3.txt [359] (1) | 
related : res/test3.txt [61] (1) | 
relations : res/test3.txt [33] (1) | 
relaxing : res/test3.txt [676] (1) | 
relegated : res/test3.txt [279] (1) | 
reliable : res/test3.txt [113, 398] (2) | 
relic : res/test3.txt [1, 400, 454] (3) | 
relics : res/test3.txt [1] (1) | 
relief : res/test3.txt [372] (1) | 
religions : res/test3.txt [1] (1) | 
relish : res/test3.txt [345, 706] (2) | 
remain : res/test3.txt [500] (1) | 
remained : res/test3.txt [238, 311] (2) | 
remains : res/test3.txt [295, 546, 642, 672, 688, 688, 688] (7) | 
remark : res/test3.txt [77, 149, 256, 418] (4) | 
remarkable : res/test3.txt [147, 149, 582, 582] (4) | 
remarked : res/test3.txt [103, 121, 123, 191, 291, 303, 364, 580, 590, 652] (10) | 
remarks : res/test3.txt [462] (1) | 
remember : res/test3.txt [99, 462, 534] (3) | 
remembering : res/test3.txt [353] (1) | 
reminded : res/test3.txt [608] (1) | 
removal : res/test3.txt [380, 546] (2) | 
removed : res/test3.txt [57, 111, 277, 733] (4) | 
remus : res/test3.txt [117] (1) | 
rendered : res/test3.txt [1] (1) | 
renewed : res/test3.txt [33, 343, 660] (3) | 
rent : res/test3.txt [111, 376, 400] (3) | 
repeat : res/test3.txt [195] (1) | 
repeated : res/test3.txt [139, 193, 275, 277, 315, 412, 442, 514, 729] (9) | 
repeatedly : res/test3.txt [630, 632] (2) | 
replaced : res/test3.txt [13] (1) | 
replied : res/test3.txt [21, 39, 61, 155, 195, 244, 254, 258, 262, 291, 305, 341, 452, 496, 554, 594, 618] (17) | 
reply : res/test3.txt [221, 500] (2) | 
report : res/test3.txt [618] (1) | 
request : res/test3.txt [620] (1) | 
required : res/test3.txt [733] (1) | 
researches : res/test3.txt [382, 733] (2) | 
resembled : res/test3.txt [608] (1) | 
resolution : res/test3.txt [189] (1) | 
resolved : res/test3.txt [360, 380, 735, 739] (4) | 
respect : res/test3.txt [508, 729, 745, 745] (4) | 
respected : res/test3.txt [398, 640] (2) | 
respectfully : res/test3.txt [747] (1) | 
response : res/test3.txt [608] (1) | 
rest : res/test3.txt [145, 163, 238, 442, 510, 552, 608, 656] (8) | 
rested : res/test3.txt [55, 65, 510] (3) | 
restless : res/test3.txt [246, 248] (2) | 
restlessness : res/test3.txt [470] (1) | 
result : res/test3.txt [1] (1) | 
resumed : res/test3.txt [470, 598, 602, 706] (4) | 
retorted : res/test3.txt [556] (1) | 
retraced : res/test3.txt [386] (1) | 
retreated : res/test3.txt [688] (1) | 
return : res/test3.txt [111, 197, 386, 566, 608, 682] (6) | 
returned : res/test3.txt [5, 111, 275, 295, 376, 410, 622, 725] (8) | 
reunions : res/test3.txt [189] (1) | 
revealed : res/test3.txt [380] (1) | 
revolutions : res/test3.txt [155] (1) | 
revolved : res/test3.txt [510] (1) | 
revolving : res/test3.txt [91, 244, 264] (3) | 
ribbon : res/test3.txt [225, 225] (2) | 
richer : res/test3.txt [165] (1) | 
rid : res/test3.txt [7] (1) | 
riddance : res/test3.txt [630] (1) | 
riddles : res/test3.txt [490] (1) | 
rig : res/test3.txt [650] (1) | 
right : res/test3.txt [7, 25, 45, 93, 283, 285, 285, 285, 305, 329, 362, 438, 494, 496, 516, 572, 588, 606, 672, 733, 733] (21) | 
rim : res/test3.txt [382] (1) | 
ring : res/test3.txt [5, 109, 275, 382] (4) | 
rip : res/test3.txt [634] (1) | 
ripen : res/test3.txt [287] (1) | 
rise : res/test3.txt [386] (1) | 
risen : res/test3.txt [51, 226] (2) | 
riser : res/test3.txt [265] (1) | 
rises : res/test3.txt [682, 682] (2) | 
rising : res/test3.txt [335, 345] (2) | 
risk : res/test3.txt [739] (1) | 
road : res/test3.txt [3, 29, 141, 157, 360, 394, 408] (7) | 
robs : res/test3.txt [588] (1) | 
robust : res/test3.txt [13] (1) | 
rock : res/test3.txt [692] (1) | 
rocks : res/test3.txt [534] (1) | 
rolled : res/test3.txt [412] (1) | 
rolling : res/test3.txt [345] (1) | 
romance : res/test3.txt [199, 550] (2) | 
romantic : res/test3.txt [99, 608] (2) | 
roof : res/test3.txt [305, 362, 682] (3) | 
roofs : res/test3.txt [27] (1) | 
room : res/test3.txt [135, 630] (2) | 
root : res/test3.txt [360] (1) | 
rooted : res/test3.txt [111, 733] (2) | 
roots : res/test3.txt [225, 442] (2) | 
rope : res/test3.txt [386] (1) | 
ropes : res/test3.txt [406] (1) | 
rose : res/test3.txt [3, 27, 141, 179, 179, 225, 331, 331, 345, 380, 386, 540, 578, 588] (14) | 
rougher : res/test3.txt [23] (1) | 
roughly : res/test3.txt [299] (1) | 
round : res/test3.txt [3, 61, 99, 189, 191, 209, 225, 275, 277, 285, 337, 345, 380, 380, 380, 382, 382, 406, 410, 442, 462, 498, 538, 538, 540, 608, 620, 620, 634, 678, 707, 707, 709, 739, 751] (35) | 
roused : res/test3.txt [230] (1) | 
row : res/test3.txt [225] (1) | 
rubbish : res/test3.txt [707] (1) | 
rude : res/test3.txt [153, 155] (2) | 
rudely : res/test3.txt [638] (1) | 
ruffled : res/test3.txt [743] (1) | 
ruggedly : res/test3.txt [398] (1) | 
ruin : res/test3.txt [534] (1) | 
rule : res/test3.txt [733] (1) | 
runaway : res/test3.txt [662] (1) | 
runs : res/test3.txt [682] (1) | 
rushed : res/test3.txt [737] (1) | 
rushing : res/test3.txt [662] (1) | 
ruskin : res/test3.txt [33] (1) | 
russian : res/test3.txt [1, 608, 614] (3) | 
rustics : res/test3.txt [5] (1) | 
s : res/test3.txt [1, 1, 21, 33, 33, 47, 47, 53, 55, 91, 95, 95, 101, 101, 101, 111, 111, 117, 119, 119, 123, 123, 123, 135, 135, 139, 139, 155, 165, 171, 179, 179, 181, 189, 189, 189, 189, 195, 195, 197, 199, 205, 223, 225, 226, 228, 230, 230, 236, 242, 248, 248, 262, 277, 279, 285, 289, 289, 291, 291, 293, 293, 295, 297, 299, 305, 315, 327, 327, 327, 329, 333, 337, 345, 345, 351, 353, 355, 372, 374, 394, 396, 396, 396, 396, 398, 406, 406, 406, 408, 410, 410, 412, 412, 418, 430, 432, 444, 448, 450, 452, 454, 454, 454, 454, 454, 454, 454, 462, 462, 462, 470, 510, 512, 512, 538, 540, 540, 546, 560, 572, 572, 576, 580, 580, 582, 592, 602, 608, 612, 612, 620, 620, 620, 620, 620, 630, 630, 634, 636, 640, 640, 640, 640, 650, 650, 662, 666, 688, 696, 698, 704, 707, 707, 715, 733, 733, 733, 739, 739, 739, 743] (162) | 
sacred : res/test3.txt [534] (1) | 
sacrifice : res/test3.txt [181] (1) | 
sacrificial : res/test3.txt [454] (1) | 
sad : res/test3.txt [189] (1) | 
sadly : res/test3.txt [185] (1) | 
said : res/test3.txt [9, 17, 19, 29, 33, 37, 41, 43, 47, 49, 57, 73, 85, 87, 89, 97, 111, 113, 117, 119, 137, 143, 147, 153, 161, 169, 175, 179, 207, 215, 219, 226, 226, 228, 232, 234, 236, 248, 248, 250, 260, 269, 275, 281, 283, 285, 289, 293, 299, 307, 309, 311, 323, 329, 333, 335, 353, 400, 406, 410, 416, 420, 420, 426, 434, 438, 448, 450, 454, 454, 456, 460, 466, 472, 474, 476, 480, 486, 486, 494, 500, 502, 504, 508, 510, 516, 520, 530, 532, 536, 538, 544, 548, 560, 564, 568, 574, 576, 580, 582, 582, 586, 588, 606, 608, 614, 616, 630, 636, 640, 642, 646, 664, 668, 670, 672, 674, 676, 678, 686, 698, 704, 709, 713, 727, 731, 733, 733, 749] (129) | 
sailor : res/test3.txt [696] (1) | 
saint : res/test3.txt [111, 111, 111, 111, 534, 538] (6) | 
saints : res/test3.txt [380] (1) | 
sake : res/test3.txt [528, 528, 540] (3) | 
sallow : res/test3.txt [139] (1) | 
sally : res/test3.txt [123] (1) | 
salt : res/test3.txt [215] (1) | 
salutation : res/test3.txt [301] (1) | 
salute : res/test3.txt [57] (1) | 
saluted : res/test3.txt [31] (1) | 
same : res/test3.txt [79, 119, 151, 189, 189, 238, 264, 400, 454, 528, 540, 642, 682] (13) | 
sand : res/test3.txt [706] (1) | 
sands : res/test3.txt [5] (1) | 
sane : res/test3.txt [236, 355, 452] (3) | 
sanity : res/test3.txt [355] (1) | 
santa : res/test3.txt [534] (1) | 
sardonic : res/test3.txt [236] (1) | 
sat : res/test3.txt [3, 238, 362, 368, 372, 376, 526] (7) | 
satisfaction : res/test3.txt [101] (1) | 
satisfied : res/test3.txt [707] (1) | 
save : res/test3.txt [265, 498, 534, 534, 733] (5) | 
saw : res/test3.txt [55, 65, 65, 85, 101, 155, 179, 179, 246, 264, 264, 273, 323, 386, 388, 394, 394, 474, 490, 602, 624, 632, 638, 638, 662, 747] (26) | 
say : res/test3.txt [13, 59, 65, 101, 111, 111, 113, 121, 121, 123, 175, 181, 185, 191, 197, 197, 201, 262, 289, 303, 412, 450, 452, 454, 460, 462, 472, 474, 474, 502, 512, 528, 538, 538, 540, 544, 544, 586, 620, 630, 650, 698, 704, 707, 733, 735, 741, 741] (48) | 
saying : res/test3.txt [139, 171, 287, 351, 538, 733, 737] (7) | 
says : res/test3.txt [632, 632, 632, 678, 678] (5) | 
scaled : res/test3.txt [157] (1) | 
scales : res/test3.txt [27] (1) | 
scarlet : res/test3.txt [345] (1) | 
scatter : res/test3.txt [707] (1) | 
scene : res/test3.txt [410, 630] (2) | 
scenery : res/test3.txt [77] (1) | 
scheme : res/test3.txt [737] (1) | 
schoolboy : res/test3.txt [1] (1) | 
schoolmaster : res/test3.txt [111] (1) | 
schools : res/test3.txt [1] (1) | 
science : res/test3.txt [285, 398, 731, 733] (4) | 
scientific : res/test3.txt [412, 731, 733, 733] (4) | 
scored : res/test3.txt [500] (1) | 
scream : res/test3.txt [256, 258, 258] (3) | 
scudding : res/test3.txt [656] (1) | 
sea : res/test3.txt [25, 25, 25, 31, 47, 47, 51, 53, 55, 69, 101, 103, 111, 209, 209, 225, 236, 236, 244, 246, 262, 264, 264, 264, 293, 319, 360, 362, 374, 380, 382, 442, 512, 656, 682, 688, 696, 743] (38) | 
sealed : res/test3.txt [362] (1) | 
search : res/test3.txt [281, 333, 378, 672] (4) | 
searched : res/test3.txt [335, 337, 337, 382] (4) | 
seas : res/test3.txt [3] (1) | 
seashore : res/test3.txt [662] (1) | 
season : res/test3.txt [101] (1) | 
seasons : res/test3.txt [682] (1) | 
seat : res/test3.txt [236] (1) | 
seating : res/test3.txt [566] (1) | 
seaward : res/test3.txt [345, 656] (2) | 
seaweed : res/test3.txt [47, 209] (2) | 
second : res/test3.txt [273, 384, 386, 412, 416, 612] (6) | 
seconds : res/test3.txt [264, 694] (2) | 
secret : res/test3.txt [139, 592, 682, 682, 682] (5) | 
secretly : res/test3.txt [528] (1) | 
section : res/test3.txt [380] (1) | 
secured : res/test3.txt [31] (1) | 
securis : res/test3.txt [111, 111, 121, 125, 315, 534] (6) | 
security : res/test3.txt [548] (1) | 
see : res/test3.txt [3, 89, 127, 129, 179, 234, 246, 273, 297, 329, 345, 353, 362, 378, 384, 386, 448, 470, 486, 506, 512, 512, 528, 530, 588, 632, 640, 709, 733] (29) | 
seeing : res/test3.txt [111, 139, 396, 506, 729] (5) | 
seeking : res/test3.txt [412, 532] (2) | 
seem : res/test3.txt [195, 572] (2) | 
seemed : res/test3.txt [1, 5, 5, 5, 25, 31, 31, 45, 53, 107, 111, 119, 137, 151, 157, 173, 179, 179, 181, 189, 205, 226, 238, 240, 264, 267, 319, 327, 345, 345, 345, 349, 359, 362, 374, 374, 378, 382, 442, 600, 608, 608, 654, 656, 662, 696, 696, 721, 731] (49) | 
seeming : res/test3.txt [55, 209] (2) | 
seemingly : res/test3.txt [380] (1) | 
seems : res/test3.txt [121, 191, 674, 709] (4) | 
seen : res/test3.txt [85, 181, 225, 275, 285, 360, 386, 420, 442, 560, 638, 656, 741] (13) | 
seething : res/test3.txt [209] (1) | 
seize : res/test3.txt [662] (1) | 
self : res/test3.txt [696, 735] (2) | 
send : res/test3.txt [81] (1) | 
sending : res/test3.txt [662] (1) | 
sensation : res/test3.txt [362, 696] (2) | 
sensations : res/test3.txt [345] (1) | 
sense : res/test3.txt [71, 187, 265, 293, 345, 378, 380, 506, 538, 540, 704, 735] (12) | 
senseless : res/test3.txt [741] (1) | 
sensitive : res/test3.txt [327] (1) | 
sent : res/test3.txt [660] (1) | 
sentimental : res/test3.txt [534] (1) | 
sentiments : res/test3.txt [538] (1) | 
separate : res/test3.txt [27, 745] (2) | 
sequel : res/test3.txt [277] (1) | 
serene : res/test3.txt [386] (1) | 
series : res/test3.txt [236] (1) | 
serious : res/test3.txt [109, 386, 600] (3) | 
seriously : res/test3.txt [15, 474] (2) | 
seriousness : res/test3.txt [143, 672] (2) | 
serpent : res/test3.txt [47, 111, 374] (3) | 
serpentine : res/test3.txt [264] (1) | 
serpents : res/test3.txt [25] (1) | 
servant : res/test3.txt [139] (1) | 
servants : res/test3.txt [337] (1) | 
service : res/test3.txt [1, 668] (2) | 
services : res/test3.txt [398] (1) | 
set : res/test3.txt [13, 179, 386, 534, 590, 592, 608, 729, 739, 751] (10) | 
setting : res/test3.txt [345] (1) | 
settled : res/test3.txt [221, 384] (2) | 
several : res/test3.txt [378, 580, 704] (3) | 
sex : res/test3.txt [508] (1) | 
sface : res/test3.txt [626] (1) | 
shabby : res/test3.txt [55] (1) | 
shade : res/test3.txt [123, 244, 510] (3) | 
shadow : res/test3.txt [31, 55, 119, 187, 223, 240, 359, 394, 470, 602, 644] (11) | 
shaft : res/test3.txt [141] (1) | 
shaken : res/test3.txt [494] (1) | 
shakily : res/test3.txt [360] (1) | 
shaking : res/test3.txt [31, 181, 313] (3) | 
shall : res/test3.txt [65, 232, 267, 281, 303, 548, 588, 733] (8) | 
sham : res/test3.txt [660, 704] (2) | 
shan : res/test3.txt [737] (1) | 
shape : res/test3.txt [25] (1) | 
shaped : res/test3.txt [682] (1) | 
shapes : res/test3.txt [264] (1) | 
shaping : res/test3.txt [620] (1) | 
share : res/test3.txt [319] (1) | 
sharp : res/test3.txt [376] (1) | 
sharpened : res/test3.txt [506] (1) | 
sharply : res/test3.txt [157, 223, 644] (3) | 
shaven : res/test3.txt [398] (1) | 
she : res/test3.txt [17, 51, 53, 53, 53, 55, 55, 59, 65, 69, 73, 77, 81, 93, 93, 151, 153, 157, 159, 167, 187, 187, 226, 277, 277, 279, 285, 508, 510, 510, 510, 510, 512, 516, 520, 522, 532, 540, 542, 552, 552, 552, 554, 560, 560, 560, 562, 600, 600, 600, 608, 735, 735, 735] (54) | 
sheath : res/test3.txt [345] (1) | 
shed : res/test3.txt [151] (1) | 
sheep : res/test3.txt [416] (1) | 
sheer : res/test3.txt [179] (1) | 
shield : res/test3.txt [345] (1) | 
shifted : res/test3.txt [729] (1) | 
shifting : res/test3.txt [57] (1) | 
shilling : res/test3.txt [528] (1) | 
shipwrecked : res/test3.txt [37, 39] (2) | 
shock : res/test3.txt [394, 502, 608] (3) | 
shocking : res/test3.txt [733] (1) | 
shone : res/test3.txt [65, 225, 360] (3) | 
shore : res/test3.txt [3, 47, 101, 396, 408, 660] (6) | 
shores : res/test3.txt [23] (1) | 
short : res/test3.txt [1, 5, 5, 345, 378, 386, 398, 554, 644, 656, 668, 688] (12) | 
shortly : res/test3.txt [29, 234, 329] (3) | 
shot : res/test3.txt [27] (1) | 
should : res/test3.txt [91, 111, 113, 131, 139, 161, 169, 462, 500, 500, 508, 528, 528, 580, 586, 608, 620, 636, 707, 707, 731, 731, 739, 745] (24) | 
shoulder : res/test3.txt [345, 694] (2) | 
shoulders : res/test3.txt [606] (1) | 
shouldn : res/test3.txt [131, 262, 672] (3) | 
show : res/test3.txt [345, 588, 588, 610, 662] (5) | 
showed : res/test3.txt [31, 264, 265, 386, 678, 704] (6) | 
showing : res/test3.txt [181, 236] (2) | 
shown : res/test3.txt [277, 704, 704] (3) | 
shrank : res/test3.txt [380] (1) | 
shriek : res/test3.txt [101, 666] (2) | 
shrill : res/test3.txt [101, 262] (2) | 
shrink : res/test3.txt [438] (1) | 
shrubs : res/test3.txt [5, 5, 9, 9] (4) | 
shrugged : res/test3.txt [606] (1) | 
shut : res/test3.txt [588] (1) | 
shy : res/test3.txt [119] (1) | 
sickness : res/test3.txt [199, 460, 460] (3) | 
side : res/test3.txt [209, 289, 293, 345, 345] (5) | 
sides : res/test3.txt [1] (1) | 
siege : res/test3.txt [737] (1) | 
sigh : res/test3.txt [664] (1) | 
sight : res/test3.txt [25, 57, 370, 729] (4) | 
sign : res/test3.txt [345, 410, 644, 725] (4) | 
signboard : res/test3.txt [345, 568] (2) | 
significance : res/test3.txt [725] (1) | 
signs : res/test3.txt [534] (1) | 
silence : res/test3.txt [65, 81, 83, 287, 398, 498, 522, 600, 602, 670, 729] (11) | 
silent : res/test3.txt [45, 139, 157, 189, 364, 366, 432, 468, 510] (9) | 
silently : res/test3.txt [209, 345, 470, 706] (4) | 
silly : res/test3.txt [400] (1) | 
silver : res/test3.txt [181, 189, 217, 225] (4) | 
similar : res/test3.txt [265] (1) | 
simple : res/test3.txt [281, 474] (2) | 
simplicity : res/test3.txt [345] (1) | 
simplify : res/test3.txt [374] (1) | 
simply : res/test3.txt [269, 472, 474, 628, 682, 731, 735] (7) | 
sin : res/test3.txt [111] (1) | 
since : res/test3.txt [111, 121, 195, 500, 510, 608, 608, 688, 688] (9) | 
singing : res/test3.txt [412, 442] (2) | 
single : res/test3.txt [25, 53, 225, 236, 238, 264] (6) | 
singular : res/test3.txt [248, 678, 729, 731] (4) | 
singularly : res/test3.txt [590] (1) | 
sinister : res/test3.txt [57, 747] (2) | 
sink : res/test3.txt [474] (1) | 
sins : res/test3.txt [586, 592] (2) | 
sir : res/test3.txt [7, 47, 101, 101, 357, 614, 620] (7) | 
sit : res/test3.txt [195, 588] (2) | 
sitting : res/test3.txt [111, 135, 238, 240, 287, 566, 608] (7) | 
situation : res/test3.txt [85] (1) | 
six : res/test3.txt [620, 624] (2) | 
skeleton : res/test3.txt [236, 739] (2) | 
skeptics : res/test3.txt [238] (1) | 
sketch : res/test3.txt [608] (1) | 
skill : res/test3.txt [426] (1) | 
skull : res/test3.txt [422, 424, 436, 510, 739] (5) | 
sky : res/test3.txt [27, 264, 345, 345, 362, 390, 508] (7) | 
slamming : res/test3.txt [228] (1) | 
sleep : res/test3.txt [240, 265, 265] (3) | 
sleepily : res/test3.txt [55] (1) | 
sleepiness : res/test3.txt [107] (1) | 
sleeping : res/test3.txt [265, 374, 460] (3) | 
sleepless : res/test3.txt [265] (1) | 
sleeplessness : res/test3.txt [240] (1) | 
sleeves : res/test3.txt [55] (1) | 
slightest : res/test3.txt [353] (1) | 
slightly : res/test3.txt [55] (1) | 
slimy : res/test3.txt [360] (1) | 
slip : res/test3.txt [470] (1) | 
slipped : res/test3.txt [462] (1) | 
slit : res/test3.txt [384] (1) | 
slope : res/test3.txt [345, 656, 662] (3) | 
slowly : res/test3.txt [51, 81, 264, 275, 279, 285, 362, 408, 723] (9) | 
slumber : res/test3.txt [238] (1) | 
slung : res/test3.txt [345] (1) | 
sly : res/test3.txt [327] (1) | 
small : res/test3.txt [23, 113, 378, 394, 588, 662, 668] (7) | 
smaller : res/test3.txt [424] (1) | 
smash : res/test3.txt [707] (1) | 
smile : res/test3.txt [55, 57, 123, 205, 694, 747] (6) | 
smiled : res/test3.txt [41, 506, 558, 604, 612, 690] (6) | 
smiles : res/test3.txt [327] (1) | 
smiling : res/test3.txt [39, 97, 117, 171, 456, 526, 542, 656, 662] (9) | 
smoking : res/test3.txt [608] (1) | 
smooth : res/test3.txt [139, 370] (2) | 
smugglers : res/test3.txt [682] (1) | 
smuggling : res/test3.txt [642] (1) | 
snake : res/test3.txt [368] (1) | 
snapped : res/test3.txt [252] (1) | 
snatch : res/test3.txt [111] (1) | 
snatched : res/test3.txt [221] (1) | 
snatches : res/test3.txt [238] (1) | 
sneer : res/test3.txt [55, 319] (2) | 
snobbishness : res/test3.txt [628] (1) | 
snorted : res/test3.txt [319] (1) | 
so : res/test3.txt [1, 3, 25, 29, 31, 41, 55, 61, 61, 89, 111, 111, 135, 139, 139, 141, 177, 179, 211, 225, 238, 242, 248, 277, 319, 325, 345, 374, 378, 382, 390, 400, 410, 412, 474, 500, 512, 528, 538, 538, 544, 552, 560, 566, 586, 588, 594, 608, 620, 624, 626, 630, 654, 678, 678, 682, 682, 688, 698, 698, 707, 707, 709, 709, 721, 729, 731, 735, 737, 739, 739, 741, 741, 749, 751] (75) | 
soared : res/test3.txt [27] (1) | 
sociable : res/test3.txt [608] (1) | 
socially : res/test3.txt [91] (1) | 
society : res/test3.txt [3, 93, 119, 139, 534] (5) | 
soft : res/test3.txt [248, 327] (2) | 
soil : res/test3.txt [380, 382, 500, 534] (4) | 
solemn : res/test3.txt [454] (1) | 
solemnity : res/test3.txt [1] (1) | 
solicitor : res/test3.txt [412] (1) | 
solid : res/test3.txt [386, 526] (2) | 
solitary : res/test3.txt [347] (1) | 
solitude : res/test3.txt [111] (1) | 
some : res/test3.txt [3, 5, 23, 25, 25, 25, 27, 33, 47, 49, 51, 57, 77, 85, 107, 111, 121, 121, 139, 141, 181, 181, 197, 223, 236, 248, 256, 264, 265, 265, 265, 277, 279, 295, 313, 345, 374, 378, 378, 378, 378, 380, 386, 406, 406, 406, 416, 454, 470, 476, 500, 548, 552, 554, 560, 588, 608, 632, 632, 636, 636, 668, 672, 674, 676, 682, 682, 731, 733, 733] (70) | 
somebody : res/test3.txt [11, 195, 279, 386, 568, 733] (6) | 
somehow : res/test3.txt [31, 55, 111, 139, 462, 476, 534, 572] (8) | 
something : res/test3.txt [1, 25, 27, 31, 45, 53, 55, 91, 101, 123, 139, 155, 179, 181, 187, 209, 226, 226, 236, 238, 240, 264, 275, 281, 345, 384, 398, 426, 426, 442, 454, 460, 470, 500, 500, 512, 534, 538, 586, 598, 598, 598, 600, 600, 620, 622, 682, 729, 735, 741, 741, 741] (52) | 
sometimes : res/test3.txt [1, 117, 327, 327, 327, 327, 386, 731] (8) | 
somewhat : res/test3.txt [55, 123, 244] (3) | 
somewhere : res/test3.txt [248] (1) | 
somnambulist : res/test3.txt [534] (1) | 
somnambulists : res/test3.txt [534] (1) | 
son : res/test3.txt [195, 713] (2) | 
songs : res/test3.txt [111] (1) | 
soon : res/test3.txt [31, 250, 360, 400, 470, 510, 566, 600, 622, 624, 739] (11) | 
sooner : res/test3.txt [512] (1) | 
sorry : res/test3.txt [29, 175, 177, 572, 614, 650, 698, 698, 731] (9) | 
sort : res/test3.txt [23, 33, 45, 199, 244, 378, 406, 406, 424, 432, 460, 526, 552, 600, 608, 636, 682, 682, 731, 743, 743] (21) | 
sorts : res/test3.txt [731] (1) | 
sought : res/test3.txt [33, 360] (2) | 
soul : res/test3.txt [552, 572] (2) | 
sound : res/test3.txt [111, 209, 384, 428, 454, 733] (6) | 
sounds : res/test3.txt [129] (1) | 
source : res/test3.txt [678] (1) | 
south : res/test3.txt [707] (1) | 
southern : res/test3.txt [3, 27, 27] (3) | 
sowed : res/test3.txt [11] (1) | 
space : res/test3.txt [238, 378, 380, 729] (4) | 
spaces : res/test3.txt [345] (1) | 
spain : res/test3.txt [27] (1) | 
speak : res/test3.txt [5, 61, 111, 295, 297, 440, 508, 578] (8) | 
speaker : res/test3.txt [25, 201, 285, 688] (4) | 
speaking : res/test3.txt [111, 191, 209, 238, 275, 277, 420, 508, 719] (9) | 
specimen : res/test3.txt [139] (1) | 
spectacles : res/test3.txt [240, 398, 400, 656, 662, 690] (6) | 
speech : res/test3.txt [45, 440, 608, 622, 684] (5) | 
speed : res/test3.txt [662] (1) | 
spilling : res/test3.txt [215] (1) | 
spinster : res/test3.txt [572] (1) | 
spiral : res/test3.txt [264] (1) | 
spire : res/test3.txt [27] (1) | 
spirit : res/test3.txt [111, 111, 386, 500, 510, 534, 608] (7) | 
spirits : res/test3.txt [15] (1) | 
spiritual : res/test3.txt [588] (1) | 
spite : res/test3.txt [345, 729] (2) | 
splendid : res/test3.txt [552, 552] (2) | 
splendidly : res/test3.txt [285] (1) | 
spoil : res/test3.txt [698] (1) | 
spoke : res/test3.txt [111, 240, 240, 265, 384, 512, 578, 666] (8) | 
spoken : res/test3.txt [644] (1) | 
spontaneously : res/test3.txt [737] (1) | 
sportsman : res/test3.txt [600, 737] (2) | 
spot : res/test3.txt [388] (1) | 
sprang : res/test3.txt [648] (1) | 
sprawling : res/test3.txt [606, 662] (2) | 
spread : res/test3.txt [275, 287] (2) | 
spreading : res/test3.txt [25, 197, 370] (3) | 
spring : res/test3.txt [3, 111, 189, 287, 723] (5) | 
sprouted : res/test3.txt [27] (1) | 
sprung : res/test3.txt [384] (1) | 
square : res/test3.txt [345, 345, 412, 602] (4) | 
squire : res/test3.txt [1, 5, 9, 11, 13, 15, 31, 33, 43, 47, 49, 57, 83, 87, 89, 91, 91, 93, 95, 111, 119, 123, 139, 145, 151, 185, 189, 191, 209, 217, 225, 225, 226, 230, 262, 265, 275, 307, 351, 353, 372, 372, 380, 386, 400, 462, 470, 546, 568, 588, 600, 608, 620, 620, 624, 630, 630, 630, 630, 688, 694, 696, 702, 706, 707, 707, 709, 715, 721, 729, 729, 733, 733, 733, 735, 735, 735, 737, 739, 745] (80) | 
st : res/test3.txt [111, 121, 125, 315, 534] (5) | 
stage : res/test3.txt [1, 546] (2) | 
stages : res/test3.txt [620] (1) | 
stain : res/test3.txt [446, 498] (2) | 
stained : res/test3.txt [360] (1) | 
stalk : res/test3.txt [360] (1) | 
stammered : res/test3.txt [518] (1) | 
stand : res/test3.txt [67, 199, 476, 552] (4) | 
standing : res/test3.txt [1, 33, 35, 101, 265, 388, 602, 644, 733] (9) | 
standpoint : res/test3.txt [93] (1) | 
standstill : res/test3.txt [347] (1) | 
stared : res/test3.txt [305, 488] (2) | 
staring : res/test3.txt [309, 345, 602] (3) | 
starry : res/test3.txt [111] (1) | 
stars : res/test3.txt [27] (1) | 
start : res/test3.txt [614] (1) | 
started : res/test3.txt [238, 488, 600] (3) | 
startled : res/test3.txt [355, 522, 666, 684] (4) | 
startling : res/test3.txt [660] (1) | 
state : res/test3.txt [406] (1) | 
statement : res/test3.txt [709] (1) | 
station : res/test3.txt [707] (1) | 
statue : res/test3.txt [3] (1) | 
statues : res/test3.txt [3] (1) | 
statuesque : res/test3.txt [65] (1) | 
stay : res/test3.txt [236] (1) | 
staying : res/test3.txt [406, 608] (2) | 
steadied : res/test3.txt [376] (1) | 
steadily : res/test3.txt [65, 201, 438, 504] (4) | 
steady : res/test3.txt [240] (1) | 
stealing : res/test3.txt [588] (1) | 
stealthily : res/test3.txt [209] (1) | 
steel : res/test3.txt [498] (1) | 
steep : res/test3.txt [29, 157, 345, 408, 662] (5) | 
steeped : res/test3.txt [382] (1) | 
steering : res/test3.txt [101, 101] (2) | 
stems : res/test3.txt [27, 264] (2) | 
step : res/test3.txt [211, 225, 552, 688] (4) | 
stepping : res/test3.txt [226, 731] (2) | 
steps : res/test3.txt [3, 5, 179, 279, 386] (5) | 
stick : res/test3.txt [55, 81] (2) | 
sticks : res/test3.txt [135, 230] (2) | 
stiff : res/test3.txt [101, 694] (2) | 
stiffly : res/test3.txt [137] (1) | 
still : res/test3.txt [3, 35, 55, 57, 83, 91, 111, 113, 135, 163, 205, 236, 238, 244, 265, 285, 309, 362, 380, 382, 382, 386, 388, 410, 454, 496, 524, 534, 534, 642, 644, 662, 668, 682, 745, 745] (36) | 
stillness : res/test3.txt [223, 386] (2) | 
sting : res/test3.txt [45] (1) | 
stir : res/test3.txt [696] (1) | 
stirred : res/test3.txt [265] (1) | 
stock : res/test3.txt [386, 707] (2) | 
stone : res/test3.txt [3, 31, 179, 179, 277, 285, 380, 380, 442, 662] (10) | 
stones : res/test3.txt [731] (1) | 
stonily : res/test3.txt [201] (1) | 
stood : res/test3.txt [25, 45, 55, 67, 81, 101, 179, 187, 217, 223, 226, 260, 275, 279, 345, 345, 360, 382, 382, 384, 384, 390, 408, 412, 414, 508, 644, 694] (28) | 
stooped : res/test3.txt [492] (1) | 
stop : res/test3.txt [135, 219, 232, 234, 594, 630, 698] (7) | 
stopped : res/test3.txt [85, 139, 275, 368, 380, 484] (6) | 
stories : res/test3.txt [353, 745] (2) | 
storing : res/test3.txt [33] (1) | 
storm : res/test3.txt [262] (1) | 
story : res/test3.txt [103, 111, 115, 121, 121, 277, 534, 552, 729, 729, 735, 735, 739, 739] (14) | 
straddling : res/test3.txt [345] (1) | 
straight : res/test3.txt [31, 173, 360, 578, 614, 642, 656] (7) | 
strain : res/test3.txt [265] (1) | 
strained : res/test3.txt [83] (1) | 
strange : res/test3.txt [23, 55, 55, 55, 93, 111, 111, 225, 345, 508] (10) | 
strangely : res/test3.txt [277] (1) | 
stranger : res/test3.txt [27, 57, 61, 71, 85, 406, 608, 608, 608, 608, 608] (11) | 
strayed : res/test3.txt [378, 378] (2) | 
streamed : res/test3.txt [662] (1) | 
street : res/test3.txt [570, 594] (2) | 
streets : res/test3.txt [345] (1) | 
strength : res/test3.txt [662] (1) | 
stress : res/test3.txt [264] (1) | 
stretch : res/test3.txt [53, 111, 345] (3) | 
stretching : res/test3.txt [25, 333] (2) | 
stricken : res/test3.txt [111] (1) | 
strict : res/test3.txt [111, 500] (2) | 
strides : res/test3.txt [29, 221] (2) | 
strike : res/test3.txt [5, 199, 460] (3) | 
strip : res/test3.txt [398] (1) | 
stripped : res/test3.txt [426] (1) | 
strips : res/test3.txt [636] (1) | 
strode : res/test3.txt [3, 29, 141] (3) | 
strolled : res/test3.txt [240] (1) | 
strolling : res/test3.txt [238] (1) | 
strong : res/test3.txt [181, 260, 313, 500, 526, 654, 656] (7) | 
struck : res/test3.txt [209, 315, 325] (3) | 
structure : res/test3.txt [101, 133, 135] (3) | 
stuck : res/test3.txt [741] (1) | 
studied : res/test3.txt [376, 378, 498, 731] (4) | 
study : res/test3.txt [398] (1) | 
stuff : res/test3.txt [636] (1) | 
stump : res/test3.txt [642] (1) | 
stunned : res/test3.txt [472, 534] (2) | 
stupefaction : res/test3.txt [526] (1) | 
stupid : res/test3.txt [49, 733] (2) | 
style : res/test3.txt [139, 195, 737] (3) | 
suavely : res/test3.txt [129] (1) | 
subconscious : res/test3.txt [137, 265] (2) | 
subconsciously : res/test3.txt [1, 91] (2) | 
subject : res/test3.txt [157, 566] (2) | 
subsided : res/test3.txt [386] (1) | 
substantiate : res/test3.txt [739] (1) | 
such : res/test3.txt [23, 23, 25, 25, 31, 45, 75, 105, 189, 211, 285, 299, 386, 418, 462, 500, 534, 534, 552, 656, 682, 704, 707, 737] (24) | 
sudden : res/test3.txt [355] (1) | 
suddenly : res/test3.txt [209, 240, 325, 331, 362, 428, 462, 484, 608, 690, 725] (11) | 
sufficiently : res/test3.txt [408] (1) | 
suffocated : res/test3.txt [374] (1) | 
suggest : res/test3.txt [500, 562, 564, 588] (4) | 
suggested : res/test3.txt [27, 226, 428] (3) | 
suggesting : res/test3.txt [345, 739] (2) | 
suggestion : res/test3.txt [502] (1) | 
suggestive : res/test3.txt [25] (1) | 
suicidally : res/test3.txt [386] (1) | 
sullen : res/test3.txt [31] (1) | 
sulphurous : res/test3.txt [137] (1) | 
sultan : res/test3.txt [572] (1) | 
summer : res/test3.txt [111, 287, 360, 442, 442, 442] (6) | 
sun : res/test3.txt [65, 179, 195, 265, 360, 362, 534] (7) | 
sunbright : res/test3.txt [536] (1) | 
sunk : res/test3.txt [380, 380, 410] (3) | 
sunken : res/test3.txt [27] (1) | 
sunlight : res/test3.txt [345, 374, 412, 506, 644] (5) | 
sunny : res/test3.txt [107, 141, 359] (3) | 
sunrise : res/test3.txt [362] (1) | 
sunset : res/test3.txt [25, 25, 588, 638] (4) | 
sunsets : res/test3.txt [386] (1) | 
sunshine : res/test3.txt [694] (1) | 
supernatural : res/test3.txt [733] (1) | 
superstition : res/test3.txt [13, 236, 733] (3) | 
superstitions : res/test3.txt [704] (1) | 
support : res/test3.txt [125, 127, 632, 735] (4) | 
suppose : res/test3.txt [17, 43, 101, 230, 230, 244, 289, 289, 460, 538, 560, 568, 586, 654, 674, 682, 704, 733, 733, 733, 737] (21) | 
supposed : res/test3.txt [23, 87, 101, 101, 360, 360, 618, 630] (8) | 
supposing : res/test3.txt [586] (1) | 
sure : res/test3.txt [307, 309, 313, 319, 321, 323, 406, 450, 598, 709, 719] (11) | 
surely : res/test3.txt [450, 640] (2) | 
surged : res/test3.txt [155] (1) | 
surgeon : res/test3.txt [398] (1) | 
surprise : res/test3.txt [85, 91, 161, 223, 580, 698, 725] (7) | 
surprised : res/test3.txt [319, 362, 380, 518, 548, 612, 698, 737, 739] (9) | 
surrender : res/test3.txt [542] (1) | 
surround : res/test3.txt [5] (1) | 
surrounded : res/test3.txt [374] (1) | 
surrounding : res/test3.txt [382] (1) | 
surroundings : res/test3.txt [534] (1) | 
surveyed : res/test3.txt [656] (1) | 
suspect : res/test3.txt [678] (1) | 
suspected : res/test3.txt [654] (1) | 
suspicion : res/test3.txt [33, 355, 360, 580, 733] (5) | 
suspicions : res/test3.txt [502, 620] (2) | 
swagger : res/test3.txt [696] (1) | 
swallow : res/test3.txt [203] (1) | 
swallowed : res/test3.txt [189, 195] (2) | 
swallowing : res/test3.txt [203, 207, 384] (3) | 
swamps : res/test3.txt [374] (1) | 
swans : res/test3.txt [33, 33] (2) | 
swarthy : res/test3.txt [55] (1) | 
swear : res/test3.txt [462] (1) | 
sweeping : res/test3.txt [608, 725, 745] (3) | 
swept : res/test3.txt [345] (1) | 
swiftly : res/test3.txt [129, 181, 470, 540] (4) | 
swim : res/test3.txt [662] (1) | 
sword : res/test3.txt [101] (1) | 
symbolically : res/test3.txt [151] (1) | 
sympathetically : res/test3.txt [508] (1) | 
sympathy : res/test3.txt [33, 277, 572] (3) | 
t : res/test3.txt [9, 17, 39, 47, 87, 99, 101, 117, 117, 123, 131, 131, 131, 135, 137, 141, 149, 153, 159, 161, 163, 171, 191, 195, 197, 211, 211, 211, 211, 215, 230, 232, 248, 256, 262, 262, 285, 285, 289, 293, 293, 295, 297, 305, 313, 317, 327, 327, 327, 327, 341, 351, 353, 406, 430, 434, 454, 462, 462, 500, 500, 500, 500, 534, 548, 552, 562, 564, 564, 588, 598, 600, 616, 620, 630, 636, 636, 642, 650, 652, 668, 672, 674, 682, 698, 704, 707, 709, 733, 733, 733, 733, 737, 737, 741] (95) | 
table : res/test3.txt [3, 51, 89, 93, 105, 109, 123, 145, 173, 189, 189, 215, 221, 225, 226, 236, 240, 240, 277, 287, 307, 311, 325, 331, 345, 376, 462, 506, 506, 506, 600, 608, 608, 612, 612, 620, 620, 634, 636, 644, 650] (41) | 
tacitly : res/test3.txt [236] (1) | 
tackle : res/test3.txt [406, 678, 678] (3) | 
tactfully : res/test3.txt [93] (1) | 
tail : res/test3.txt [709] (1) | 
take : res/test3.txt [169, 207, 219, 534, 534, 588, 588, 707] (8) | 
taken : res/test3.txt [91, 510, 608, 739] (4) | 
takes : res/test3.txt [737] (1) | 
taking : res/test3.txt [745] (1) | 
tale : res/test3.txt [111, 113, 374, 476, 510, 608, 698, 729, 733, 735, 737] (11) | 
tales : res/test3.txt [191, 195, 199, 264, 538, 540] (6) | 
talk : res/test3.txt [179, 470, 528, 556, 580, 608, 608, 642, 644, 676, 704] (11) | 
talked : res/test3.txt [109, 315, 353, 608, 676] (5) | 
talking : res/test3.txt [349, 394, 474, 600, 600, 600, 600] (7) | 
tall : res/test3.txt [3, 9, 181, 362, 390, 398, 608, 608, 648] (9) | 
taller : res/test3.txt [195] (1) | 
tangle : res/test3.txt [264] (1) | 
tangled : res/test3.txt [273, 735] (2) | 
taper : res/test3.txt [105] (1) | 
tapped : res/test3.txt [105] (1) | 
tar : res/test3.txt [117] (1) | 
tares : res/test3.txt [11] (1) | 
tarot : res/test3.txt [707] (1) | 
tarred : res/test3.txt [45] (1) | 
taste : res/test3.txt [31, 189, 588] (3) | 
taught : res/test3.txt [620] (1) | 
taunted : res/test3.txt [470] (1) | 
tea : res/test3.txt [113] (1) | 
tearing : res/test3.txt [696] (1) | 
teeth : res/test3.txt [376] (1) | 
telegraphy : res/test3.txt [275] (1) | 
tell : res/test3.txt [103, 107, 159, 195, 195, 195, 197, 230, 262, 400, 476, 510, 528, 538, 540, 540, 598, 598, 598, 630, 704, 729] (22) | 
telling : res/test3.txt [105, 111, 560] (3) | 
temper : res/test3.txt [15, 733] (2) | 
temperament : res/test3.txt [560] (1) | 
temple : res/test3.txt [345] (1) | 
temples : res/test3.txt [31] (1) | 
temporary : res/test3.txt [735] (1) | 
tempter : res/test3.txt [111] (1) | 
ten : res/test3.txt [135] (1) | 
tenantry : res/test3.txt [5] (1) | 
tenants : res/test3.txt [13] (1) | 
tent : res/test3.txt [287] (1) | 
terrace : res/test3.txt [53, 151] (2) | 
terraced : res/test3.txt [3, 51] (2) | 
territorial : res/test3.txt [31] (1) | 
terrors : res/test3.txt [285, 374] (2) | 
testify : res/test3.txt [678] (1) | 
tests : res/test3.txt [378] (1) | 
texture : res/test3.txt [55] (1) | 
tgether : res/test3.txt [123] (1) | 
than : res/test3.txt [23, 23, 27, 55, 55, 111, 119, 119, 161, 165, 173, 173, 179, 189, 195, 209, 209, 211, 299, 309, 360, 386, 398, 412, 412, 442, 466, 498, 510, 510, 588, 588, 608, 622, 630, 654, 656, 682, 688, 696, 721, 735] (42) | 
thank : res/test3.txt [512, 676] (2) | 
that : res/test3.txt [1, 1, 1, 1, 1, 1, 3, 3, 5, 5, 5, 5, 11, 15, 15, 21, 23, 23, 25, 25, 25, 27, 27, 31, 31, 33, 33, 47, 53, 55, 55, 55, 55, 65, 67, 67, 73, 81, 91, 93, 101, 101, 101, 101, 101, 103, 111, 111, 111, 111, 111, 111, 111, 111, 111, 111, 111, 111, 111, 111, 113, 117, 117, 123, 123, 125, 127, 127, 129, 135, 139, 139, 141, 155, 155, 159, 159, 165, 175, 179, 181, 185, 187, 189, 189, 189, 189, 191, 195, 195, 195, 195, 195, 197, 199, 199, 203, 207, 209, 211, 223, 225, 230, 236, 236, 238, 238, 238, 240, 240, 240, 246, 256, 256, 265, 265, 265, 265, 265, 275, 277, 279, 285, 285, 285, 291, 295, 303, 307, 309, 319, 319, 323, 325, 327, 327, 333, 337, 345, 345, 347, 355, 355, 360, 366, 372, 374, 374, 378, 380, 380, 380, 382, 382, 382, 384, 384, 386, 386, 386, 386, 386, 386, 390, 390, 394, 394, 398, 398, 398, 400, 404, 406, 410, 412, 412, 412, 412, 420, 424, 424, 424, 426, 428, 442, 442, 450, 450, 452, 460, 462, 464, 466, 470, 470, 474, 474, 474, 474, 476, 498, 500, 500, 500, 500, 510, 510, 512, 512, 518, 528, 528, 530, 534, 534, 534, 534, 534, 534, 534, 534, 538, 538, 538, 540, 540, 544, 546, 546, 552, 554, 560, 560, 560, 562, 566, 572, 580, 580, 582, 584, 586, 588, 588, 588, 592, 600, 600, 600, 600, 600, 600, 602, 602, 608, 608, 608, 608, 608, 608, 608, 614, 620, 620, 622, 624, 624, 626, 630, 630, 630, 630, 630, 630, 630, 632, 632, 632, 632, 636, 636, 636, 636, 640, 642, 650, 654, 656, 660, 660, 662, 662, 668, 678, 678, 678, 678, 678, 682, 682, 682, 682, 686, 688, 688, 688, 696, 698, 698, 704, 704, 704, 704, 704, 707, 707, 707, 707, 707, 707, 709, 723, 727, 727, 729, 729, 729, 729, 729, 731, 731, 733, 733, 733, 733, 733, 733, 733, 733, 733, 733, 733, 733, 733, 735, 735, 735, 735, 735, 737, 737, 737, 737, 739, 739, 739, 739, 741, 741, 747] (360) | 
thaumaturgist : res/test3.txt [127] (1) | 
the : res/test3.txt [1, 1, 1, 1, 1, 1, 1, 1, 1, 1, 1, 1, 1, 3, 3, 3, 3, 3, 3, 3, 3, 3, 3, 5, 5, 5, 5, 5, 5, 5, 5, 5, 5, 5, 5, 5, 5, 9, 9, 11, 11, 13, 13, 13, 15, 15, 15, 15, 15, 15, 17, 23, 23, 23, 23, 23, 23, 23, 23, 23, 25, 25, 25, 25, 25, 25, 25, 25, 25, 25, 25, 25, 25, 25, 25, 25, 25, 27, 27, 27, 27, 27, 27, 27, 27, 27, 27, 27, 29, 31, 31, 31, 31, 31, 31, 31, 31, 31, 31, 33, 33, 33, 33, 33, 33, 33, 33, 33, 33, 33, 33, 33, 33, 33, 33, 33, 33, 33, 35, 35, 35, 37, 41, 43, 43, 45, 45, 45, 47, 47, 47, 47, 49, 51, 51, 51, 51, 51, 51, 51, 51, 51, 51, 53, 53, 53, 53, 53, 53, 53, 53, 55, 55, 55, 55, 55, 55, 55, 55, 57, 57, 57, 57, 57, 57, 59, 59, 61, 65, 65, 65, 71, 71, 75, 77, 77, 79, 79, 81, 81, 81, 81, 83, 83, 85, 85, 85, 85, 85, 85, 89, 89, 89, 89, 91, 91, 91, 91, 91, 91, 93, 93, 93, 93, 93, 93, 93, 93, 93, 93, 95, 95, 95, 99, 101, 101, 101, 101, 101, 101, 101, 101, 101, 101, 101, 101, 101, 101, 101, 101, 101, 103, 103, 103, 103, 105, 109, 109, 111, 111, 111, 111, 111, 111, 111, 111, 111, 111, 111, 111, 111, 111, 111, 111, 111, 111, 111, 111, 111, 111, 111, 111, 111, 111, 111, 111, 111, 111, 111, 111, 111, 111, 111, 111, 111, 111, 111, 111, 111, 111, 111, 111, 111, 111, 111, 111, 111, 111, 111, 111, 111, 111, 113, 113, 117, 117, 117, 117, 119, 119, 119, 119, 119, 119, 119, 119, 119, 121, 121, 121, 123, 123, 123, 123, 125, 125, 127, 127, 127, 127, 127, 133, 133, 133, 133, 135, 135, 135, 135, 135, 137, 137, 137, 139, 139, 139, 139, 139, 139, 139, 139, 139, 139, 139, 139, 141, 141, 141, 141, 143, 143, 145, 145, 145, 145, 145, 147, 147, 149, 151, 151, 151, 151, 151, 151, 155, 155, 155, 155, 157, 157, 163, 163, 163, 163, 163, 163, 163, 165, 165, 167, 169, 171, 173, 173, 173, 173, 175, 175, 179, 179, 179, 179, 179, 179, 179, 179, 179, 179, 179, 179, 179, 181, 181, 181, 181, 181, 181, 181, 181, 181, 183, 183, 185, 187, 187, 187, 187, 187, 189, 189, 189, 189, 189, 189, 189, 189, 189, 189, 189, 189, 189, 189, 189, 189, 189, 189, 189, 189, 189, 191, 195, 195, 195, 195, 195, 195, 195, 195, 195, 195, 195, 195, 195, 195, 195, 197, 197, 199, 199, 199, 199, 201, 203, 205, 205, 205, 207, 207, 209, 209, 209, 209, 209, 209, 209, 209, 209, 209, 209, 209, 209, 209, 209, 209, 211, 211, 211, 211, 215, 215, 217, 219, 221, 221, 223, 223, 223, 223, 223, 223, 223, 223, 225, 225, 225, 225, 225, 225, 225, 225, 225, 225, 225, 225, 225, 225, 225, 225, 225, 225, 226, 226, 226, 226, 226, 226, 228, 230, 230, 230, 230, 230, 234, 236, 236, 236, 236, 236, 236, 236, 236, 236, 236, 236, 236, 238, 238, 238, 238, 240, 240, 240, 240, 240, 240, 240, 240, 244, 244, 246, 246, 246, 246, 248, 248, 248, 248, 254, 254, 256, 256, 258, 258, 260, 262, 262, 262, 262, 262, 264, 264, 264, 264, 264, 264, 264, 264, 264, 264, 264, 264, 264, 265, 265, 265, 265, 265, 265, 265, 265, 265, 265, 265, 265, 267, 271, 273, 273, 273, 275, 275, 275, 275, 275, 275, 275, 275, 275, 275, 275, 275, 277, 277, 277, 277, 277, 277, 277, 277, 277, 277, 277, 277, 277, 277, 277, 277, 277, 279, 279, 279, 279, 279, 279, 281, 281, 283, 285, 285, 285, 285, 285, 285, 285, 285, 285, 285, 285, 285, 287, 287, 287, 287, 287, 289, 291, 293, 293, 293, 295, 299, 299, 299, 299, 299, 301, 305, 307, 309, 311, 311, 311, 311, 313, 313, 315, 315, 315, 315, 317, 319, 319, 319, 319, 319, 319, 319, 321, 323, 323, 325, 327, 327, 327, 327, 331, 331, 331, 331, 335, 335, 337, 345, 345, 345, 345, 345, 345, 345, 345, 345, 345, 345, 345, 345, 345, 345, 345, 345, 345, 345, 345, 345, 345, 345, 345, 345, 345, 345, 345, 345, 345, 345, 345, 345, 345, 345, 345, 345, 345, 345, 347, 347, 347, 347, 347, 349, 349, 349, 351, 353, 353, 353, 353, 353, 355, 355, 355, 355, 357, 359, 359, 360, 360, 360, 360, 360, 360, 360, 360, 360, 360, 360, 360, 360, 360, 360, 360, 362, 362, 362, 362, 362, 362, 362, 362, 362, 364, 364, 366, 370, 372, 372, 374, 374, 374, 374, 374, 374, 374, 374, 374, 374, 374, 374, 376, 376, 376, 376, 376, 376, 376, 376, 378, 378, 378, 378, 378, 378, 378, 378, 378, 378, 380, 380, 380, 380, 380, 380, 380, 380, 380, 380, 380, 380, 380, 380, 380, 380, 380, 382, 382, 382, 382, 382, 382, 382, 382, 382, 382, 382, 382, 382, 382, 384, 384, 384, 384, 384, 384, 384, 384, 386, 386, 386, 386, 386, 386, 386, 386, 386, 386, 386, 386, 386, 386, 386, 386, 386, 386, 388, 388, 388, 388, 388, 388, 390, 390, 390, 390, 394, 394, 394, 394, 394, 394, 394, 394, 394, 394, 394, 396, 396, 396, 396, 398, 398, 398, 398, 398, 398, 398, 398, 398, 400, 400, 400, 400, 400, 400, 400, 400, 400, 400, 400, 404, 406, 406, 406, 406, 406, 406, 408, 408, 408, 408, 408, 410, 410, 410, 410, 412, 412, 412, 412, 412, 412, 412, 412, 412, 412, 412, 412, 412, 412, 412, 416, 416, 420, 422, 424, 424, 424, 424, 426, 426, 426, 426, 426, 426, 428, 432, 432, 434, 436, 436, 436, 436, 436, 436, 438, 438, 440, 440, 440, 442, 442, 442, 442, 442, 442, 442, 442, 442, 442, 442, 444, 444, 444, 446, 446, 446, 446, 446, 446, 446, 448, 448, 450, 450, 450, 452, 452, 454, 454, 454, 454, 454, 454, 454, 460, 460, 462, 462, 462, 462, 462, 462, 462, 462, 462, 462, 462, 462, 462, 464, 466, 470, 470, 470, 470, 470, 470, 470, 470, 470, 470, 474, 474, 474, 474, 474, 474, 474, 474, 474, 474, 482, 486, 488, 488, 490, 490, 490, 498, 498, 498, 498, 498, 498, 498, 498, 498, 500, 500, 500, 500, 500, 500, 500, 500, 500, 500, 500, 500, 500, 500, 500, 502, 506, 506, 506, 506, 506, 506, 506, 506, 506, 506, 508, 508, 508, 508, 508, 508, 508, 508, 508, 508, 508, 508, 508, 508, 508, 508, 510, 510, 510, 510, 510, 510, 510, 510, 510, 510, 512, 512, 512, 514, 526, 528, 528, 528, 528, 528, 528, 530, 534, 534, 534, 534, 534, 534, 534, 534, 534, 534, 534, 534, 534, 534, 534, 536, 536, 538, 538, 538, 538, 538, 540, 540, 546, 546, 546, 546, 546, 548, 548, 548, 548, 548, 548, 550, 550, 552, 552, 552, 552, 552, 560, 560, 564, 566, 566, 566, 566, 566, 566, 566, 566, 566, 568, 568, 568, 570, 570, 572, 572, 572, 572, 572, 574, 574, 574, 574, 576, 578, 578, 578, 580, 580, 584, 584, 584, 586, 586, 588, 588, 588, 588, 588, 588, 588, 588, 588, 588, 588, 590, 592, 592, 592, 594, 594, 596, 596, 596, 598, 598, 600, 600, 600, 600, 600, 600, 600, 600, 600, 600, 600, 600, 600, 600, 600, 600, 600, 600, 600, 600, 600, 600, 602, 602, 602, 602, 604, 604, 606, 606, 608, 608, 608, 608, 608, 608, 608, 608, 608, 608, 608, 608, 608, 608, 608, 608, 608, 608, 608, 608, 608, 608, 608, 608, 608, 608, 608, 608, 608, 608, 608, 608, 608, 608, 608, 608, 608, 610, 612, 612, 612, 612, 612, 612, 612, 612, 614, 618, 618, 618, 620, 620, 620, 620, 620, 620, 620, 620, 620, 620, 622, 622, 622, 624, 624, 628, 630, 630, 630, 630, 630, 630, 630, 630, 630, 630, 630, 630, 630, 630, 632, 632, 632, 632, 632, 632, 632, 632, 632, 632, 634, 634, 634, 634, 636, 636, 636, 636, 636, 636, 636, 638, 638, 638, 638, 638, 638, 640, 640, 640, 640, 642, 642, 642, 642, 642, 642, 642, 644, 644, 644, 644, 644, 644, 646, 646, 648, 650, 650, 650, 650, 650, 650, 650, 652, 652, 654, 656, 656, 656, 656, 656, 656, 656, 656, 656, 656, 656, 656, 656, 656, 656, 656, 656, 656, 656, 656, 656, 658, 658, 658, 660, 660, 660, 660, 660, 660, 660, 660, 660, 662, 662, 662, 662, 662, 662, 662, 662, 662, 662, 662, 662, 662, 662, 662, 662, 662, 662, 662, 662, 662, 662, 664, 666, 666, 668, 672, 672, 672, 672, 672, 674, 674, 676, 676, 678, 678, 678, 678, 678, 678, 678, 678, 678, 682, 682, 682, 682, 682, 682, 682, 682, 682, 682, 682, 682, 682, 682, 682, 682, 682, 684, 686, 686, 688, 688, 688, 688, 688, 688, 688, 688, 688, 688, 688, 692, 692, 694, 694, 694, 696, 696, 696, 696, 696, 696, 696, 698, 698, 698, 698, 700, 702, 704, 704, 704, 704, 704, 704, 704, 704, 704, 704, 704, 704, 704, 706, 706, 706, 707, 707, 707, 707, 707, 707, 707, 707, 707, 707, 707, 707, 707, 709, 709, 709, 709, 709, 709, 709, 711, 711, 713, 713, 713, 715, 715, 715, 717, 719, 721, 721, 721, 723, 723, 723, 723, 723, 723, 723, 723, 725, 725, 725, 725, 725, 727, 727, 729, 729, 729, 729, 729, 729, 729, 729, 729, 729, 729, 729, 729, 731, 731, 731, 731, 731, 731, 731, 731, 733, 733, 733, 733, 733, 733, 733, 733, 733, 733, 733, 733, 733, 733, 733, 733, 733, 733, 733, 733, 733, 733, 733, 733, 733, 733, 733, 733, 733, 733, 733, 733, 733, 733, 733, 733, 733, 733, 733, 735, 735, 735, 735, 735, 735, 735, 735, 735, 735, 735, 735, 735, 735, 737, 737, 737, 737, 737, 737, 737, 737, 737, 737, 739, 739, 739, 739, 739, 739, 739, 739, 739, 739, 739, 739, 739, 739, 739, 739, 739, 739, 739, 739, 739, 739, 739, 741, 741, 741, 741, 741, 743, 743, 745, 745, 745, 747, 747, 751] (1726) | 
theater : res/test3.txt [99] (1) | 
their : res/test3.txt [23, 25, 27, 65, 111, 111, 236, 236, 238, 238, 262, 264, 269, 412, 510, 534, 608, 680, 690, 696, 696, 696, 707, 707, 707, 741, 745, 745, 745, 749] (30) | 
them : res/test3.txt [5, 5, 7, 9, 11, 17, 17, 25, 27, 27, 47, 101, 105, 111, 111, 173, 179, 191, 195, 195, 197, 199, 209, 209, 211, 236, 238, 248, 264, 265, 275, 285, 351, 360, 386, 386, 406, 442, 506, 506, 534, 544, 560, 566, 580, 588, 600, 638, 662, 666, 688, 725, 725, 741, 745, 745, 745, 745, 751] (59) | 
themselves : res/test3.txt [236, 380, 500, 656] (4) | 
then : res/test3.txt [11, 13, 101, 109, 139, 163, 195, 209, 269, 317, 319, 345, 345, 359, 372, 380, 382, 384, 396, 400, 408, 416, 426, 428, 468, 502, 522, 532, 534, 540, 558, 580, 588, 658, 660, 670, 682, 704, 704, 733, 747] (41) | 
theories : res/test3.txt [745] (1) | 
there : res/test3.txt [5, 5, 25, 33, 49, 71, 79, 101, 101, 111, 111, 121, 141, 155, 155, 155, 195, 197, 199, 230, 240, 262, 264, 265, 277, 287, 289, 291, 331, 345, 353, 353, 355, 372, 372, 374, 376, 376, 378, 378, 378, 380, 380, 386, 396, 406, 406, 418, 424, 424, 426, 430, 454, 454, 460, 462, 462, 498, 498, 500, 500, 510, 512, 534, 534, 534, 534, 538, 538, 560, 564, 572, 572, 580, 600, 620, 620, 624, 650, 668, 670, 678, 678, 682, 682, 688, 688, 688, 688, 688, 688, 688, 707, 707, 709, 709, 713, 733, 733, 733, 733, 733, 733, 733, 735, 735, 739, 739, 739, 739, 741, 741] (112) | 
therefore : res/test3.txt [448, 608] (2) | 
these : res/test3.txt [47, 139, 141, 197, 238, 238, 345, 380, 446, 480, 482, 486, 500, 500, 600, 630, 656, 672, 741, 741, 741, 745, 745, 745] (24) | 
they : res/test3.txt [5, 19, 21, 25, 27, 33, 33, 47, 51, 51, 101, 101, 101, 101, 111, 111, 111, 111, 111, 111, 111, 111, 119, 139, 169, 179, 179, 179, 185, 189, 191, 195, 195, 195, 195, 195, 197, 199, 199, 209, 209, 209, 211, 211, 211, 211, 211, 236, 238, 238, 238, 264, 265, 265, 265, 265, 273, 273, 311, 315, 341, 345, 351, 351, 360, 360, 360, 368, 380, 398, 442, 506, 512, 560, 560, 566, 566, 590, 620, 636, 644, 652, 656, 656, 662, 662, 688, 688, 696, 725, 725, 729, 729, 733, 741, 745, 745, 745, 747] (99) | 
thick : res/test3.txt [27] (1) | 
thicket : res/test3.txt [378, 446] (2) | 
thieves : res/test3.txt [588] (1) | 
thin : res/test3.txt [25, 57, 105] (3) | 
thing : res/test3.txt [33, 79, 111, 169, 211, 211, 285, 378, 382, 400, 462, 474, 500, 538, 580, 586, 600, 620, 630, 632, 636, 678, 704, 704, 733, 733, 733, 741] (28) | 
things : res/test3.txt [1, 31, 47, 101, 111, 141, 181, 189, 191, 191, 345, 386, 406, 406, 442, 446, 500, 512, 534, 534, 534, 552, 588, 588, 590, 600, 620, 672, 674, 733, 733] (31) | 
think : res/test3.txt [19, 73, 75, 117, 121, 135, 149, 207, 211, 230, 289, 289, 297, 297, 317, 327, 327, 396, 406, 406, 406, 438, 460, 462, 474, 502, 528, 534, 548, 564, 588, 588, 610, 620, 650, 672, 676, 678, 678, 704, 731, 733, 741, 741, 745] (45) | 
thinking : res/test3.txt [244, 450, 512, 745] (4) | 
thinks : res/test3.txt [454] (1) | 
thinner : res/test3.txt [25] (1) | 
thinning : res/test3.txt [57, 608] (2) | 
thirteen : res/test3.txt [215, 215] (2) | 
this : res/test3.txt [5, 23, 25, 27, 33, 41, 53, 57, 67, 85, 89, 95, 99, 103, 111, 111, 111, 123, 125, 139, 139, 141, 141, 151, 163, 167, 171, 195, 195, 197, 207, 207, 225, 234, 248, 264, 265, 273, 293, 293, 327, 333, 345, 345, 353, 366, 380, 386, 394, 396, 416, 420, 426, 454, 454, 454, 470, 474, 474, 476, 494, 500, 500, 502, 510, 512, 528, 534, 534, 534, 538, 538, 548, 556, 560, 564, 570, 574, 596, 600, 608, 608, 620, 630, 630, 630, 632, 632, 636, 636, 636, 636, 644, 652, 660, 664, 672, 674, 674, 678, 682, 682, 694, 696, 698, 698, 700, 704, 707, 717, 731, 731, 733, 733] (114) | 
thistles : res/test3.txt [384] (1) | 
thomas : res/test3.txt [678] (1) | 
thoroughly : res/test3.txt [382] (1) | 
those : res/test3.txt [23, 33, 101, 101, 119, 191, 211, 215, 244, 293, 353, 360, 366, 368, 386, 398, 470, 534, 668, 682, 682, 704, 733, 733, 745] (25) | 
thou : res/test3.txt [482] (1) | 
though : res/test3.txt [3, 23, 31, 51, 65, 101, 103, 111, 111, 119, 121, 121, 189, 197, 236, 360, 364, 380, 410, 474, 500, 654, 656, 656, 696, 725, 729, 743] (28) | 
thought : res/test3.txt [101, 226, 404, 454, 498, 580, 586, 586, 600, 600, 600, 622, 668, 686, 698, 721, 739, 741] (18) | 
thoughtfully : res/test3.txt [103, 532, 586] (3) | 
thoughts : res/test3.txt [390, 408] (2) | 
thousand : res/test3.txt [23, 219, 534] (3) | 
thousands : res/test3.txt [707, 741] (2) | 
threading : res/test3.txt [360] (1) | 
three : res/test3.txt [27, 27, 27, 35, 236, 238, 384, 600] (8) | 
threw : res/test3.txt [77, 408, 446, 604] (4) | 
thrive : res/test3.txt [47] (1) | 
throat : res/test3.txt [55] (1) | 
throne : res/test3.txt [552] (1) | 
through : res/test3.txt [53, 55, 181, 236, 264, 378, 400, 400, 400, 436, 620, 620, 656, 690, 707, 707, 733, 733] (18) | 
throw : res/test3.txt [189, 211] (2) | 
throwing : res/test3.txt [232] (1) | 
thrown : res/test3.txt [67, 236, 380, 386, 474] (5) | 
thrust : res/test3.txt [223, 570] (2) | 
thunderbolt : res/test3.txt [211, 729] (2) | 
thus : res/test3.txt [1, 33, 111, 223, 364, 678, 737] (7) | 
tide : res/test3.txt [682, 686, 688] (3) | 
tideless : res/test3.txt [111] (1) | 
tightening : res/test3.txt [608] (1) | 
till : res/test3.txt [111, 165, 209, 232, 295, 440, 564, 735] (8) | 
tilted : res/test3.txt [345] (1) | 
timber : res/test3.txt [45, 163] (2) | 
time : res/test3.txt [15, 51, 111, 111, 151, 238, 265, 273, 273, 277, 319, 327, 360, 376, 404, 462, 510, 512, 548, 600, 608, 630, 630, 632, 632, 636, 644, 660, 668, 682, 707, 711, 735, 737, 739, 747] (36) | 
times : res/test3.txt [600] (1) | 
tinged : res/test3.txt [27] (1) | 
tingling : res/test3.txt [508] (1) | 
tiny : res/test3.txt [139, 386] (2) | 
titanic : res/test3.txt [25] (1) | 
tittlebats : res/test3.txt [442] (1) | 
to : res/test3.txt [1, 1, 1, 1, 3, 3, 3, 5, 5, 5, 5, 5, 5, 5, 5, 9, 13, 13, 13, 15, 17, 23, 25, 25, 25, 25, 31, 31, 31, 31, 33, 33, 33, 33, 33, 33, 33, 33, 33, 45, 47, 49, 49, 51, 53, 53, 55, 57, 57, 59, 61, 85, 85, 85, 89, 89, 89, 91, 91, 93, 99, 101, 101, 101, 105, 107, 111, 111, 111, 111, 111, 111, 111, 111, 111, 111, 111, 111, 111, 111, 123, 135, 135, 137, 137, 141, 141, 147, 151, 153, 153, 155, 155, 157, 157, 163, 167, 175, 175, 179, 181, 183, 189, 189, 189, 189, 191, 191, 191, 195, 195, 195, 195, 199, 201, 209, 209, 215, 215, 225, 226, 226, 234, 236, 236, 236, 236, 240, 264, 264, 265, 265, 265, 265, 265, 265, 265, 265, 267, 269, 273, 273, 275, 275, 277, 277, 277, 279, 285, 287, 289, 289, 289, 289, 289, 291, 295, 297, 299, 299, 301, 305, 319, 319, 323, 327, 333, 337, 339, 341, 343, 345, 345, 345, 345, 345, 347, 349, 349, 351, 351, 353, 359, 360, 362, 362, 364, 374, 374, 376, 378, 378, 378, 378, 380, 380, 380, 382, 382, 386, 386, 386, 386, 386, 386, 386, 386, 394, 394, 394, 394, 396, 396, 398, 398, 400, 406, 406, 406, 406, 406, 408, 408, 408, 410, 410, 410, 410, 410, 412, 412, 418, 438, 440, 442, 450, 450, 450, 452, 454, 454, 462, 462, 462, 462, 462, 462, 470, 470, 470, 470, 470, 470, 474, 474, 474, 490, 498, 500, 500, 500, 500, 500, 500, 502, 502, 502, 504, 508, 508, 508, 510, 510, 512, 512, 512, 516, 528, 528, 528, 534, 534, 534, 534, 534, 534, 534, 534, 534, 534, 538, 540, 540, 542, 544, 544, 546, 546, 548, 548, 550, 550, 552, 560, 564, 566, 566, 572, 572, 578, 578, 580, 580, 580, 580, 586, 588, 588, 588, 588, 588, 588, 588, 588, 588, 590, 592, 594, 594, 600, 600, 600, 600, 600, 600, 600, 600, 600, 600, 604, 608, 608, 608, 608, 608, 608, 608, 608, 608, 608, 608, 608, 608, 612, 612, 614, 618, 618, 618, 618, 618, 618, 620, 620, 624, 628, 630, 630, 630, 632, 634, 642, 642, 648, 650, 650, 656, 656, 656, 656, 660, 662, 662, 662, 662, 662, 670, 672, 672, 676, 678, 678, 678, 678, 678, 680, 682, 682, 682, 688, 696, 696, 698, 698, 698, 704, 704, 704, 704, 704, 704, 704, 707, 707, 707, 707, 707, 707, 709, 709, 709, 709, 709, 709, 715, 715, 719, 721, 721, 723, 725, 729, 729, 729, 729, 731, 731, 731, 733, 733, 733, 733, 733, 733, 733, 733, 733, 735, 735, 735, 735, 735, 735, 735, 735, 737, 737, 737, 737, 739, 739, 739, 739, 739, 739, 739, 739, 739, 739, 741, 741, 741, 745, 745, 745] (475) | 
together : res/test3.txt [27, 31, 238, 386, 500, 500, 512, 514, 516, 516, 600] (11) | 
toil : res/test3.txt [412] (1) | 
toiled : res/test3.txt [264] (1) | 
told : res/test3.txt [103, 191, 279, 396, 398, 534, 598, 618, 630, 678, 678, 704, 737, 737, 739, 741] (16) | 
tomfool : res/test3.txt [219, 219] (2) | 
tomorrow : res/test3.txt [406] (1) | 
tones : res/test3.txt [139, 228, 283, 508] (4) | 
tons : res/test3.txt [327] (1) | 
too : res/test3.txt [1, 33, 55, 123, 137, 151, 155, 203, 299, 313, 398, 406, 406, 462, 534, 538, 698, 709, 739, 739, 745] (21) | 
took : res/test3.txt [169, 169, 169, 225, 343, 386, 400, 432, 510, 552, 620, 620, 660, 739] (14) | 
tool : res/test3.txt [183, 634] (2) | 
tooting : res/test3.txt [572] (1) | 
top : res/test3.txt [111, 362, 470, 682, 696, 733] (6) | 
topped : res/test3.txt [35, 390, 656] (3) | 
topsy : res/test3.txt [111, 660] (2) | 
tore : res/test3.txt [660] (1) | 
torn : res/test3.txt [111] (1) | 
tossing : res/test3.txt [660] (1) | 
touch : res/test3.txt [105, 117, 508] (3) | 
touched : res/test3.txt [3, 121, 602] (3) | 
tourist : res/test3.txt [197] (1) | 
tow : res/test3.txt [608] (1) | 
toward : res/test3.txt [3, 25, 25, 25, 27, 141, 157, 163, 173, 179, 225, 226, 226, 275, 345, 374, 394, 536, 584, 620, 652, 656, 751] (23) | 
tower : res/test3.txt [552] (1) | 
towering : res/test3.txt [27] (1) | 
towers : res/test3.txt [360, 737] (2) | 
trace : res/test3.txt [353] (1) | 
traced : res/test3.txt [707, 739] (2) | 
traces : res/test3.txt [534, 534] (2) | 
track : res/test3.txt [51] (1) | 
tracks : res/test3.txt [380] (1) | 
trade : res/test3.txt [45, 560] (2) | 
trading : res/test3.txt [23] (1) | 
tradition : res/test3.txt [534] (1) | 
traditional : res/test3.txt [15] (1) | 
traditions : res/test3.txt [5, 474] (2) | 
tragedy : res/test3.txt [15, 566] (2) | 
tragic : res/test3.txt [23, 277] (2) | 
trailed : res/test3.txt [25] (1) | 
train : res/test3.txt [707] (1) | 
training : res/test3.txt [544] (1) | 
tramp : res/test3.txt [57] (1) | 
trampled : res/test3.txt [378, 534] (2) | 
trance : res/test3.txt [35] (1) | 
tranquil : res/test3.txt [345] (1) | 
transcendental : res/test3.txt [544] (1) | 
transmigration : res/test3.txt [111] (1) | 
traveler : res/test3.txt [277, 364, 380, 698] (4) | 
traveling : res/test3.txt [656] (1) | 
travels : res/test3.txt [31, 345] (2) | 
treated : res/test3.txt [75] (1) | 
tree : res/test3.txt [3, 27, 51, 89, 101, 101, 111, 111, 111, 111, 111, 135, 159, 167, 189, 195, 197, 287, 311, 319, 319, 341, 345, 360, 362, 366, 374, 374, 374, 376, 508, 534, 600, 600, 650, 656, 737] (37) | 
trees : res/test3.txt [3, 9, 9, 15, 15, 25, 25, 35, 43, 47, 47, 53, 55, 57, 81, 101, 101, 101, 111, 111, 111, 111, 111, 111, 125, 127, 129, 131, 159, 179, 181, 189, 191, 195, 195, 195, 195, 197, 197, 203, 207, 209, 211, 215, 219, 225, 225, 225, 225, 236, 244, 246, 262, 264, 264, 317, 319, 345, 345, 347, 353, 360, 380, 388, 442, 454, 460, 462, 474, 474, 534, 600, 608, 698, 704, 707, 723, 723, 729, 729, 731, 733, 733, 733, 733, 735, 737, 739, 741, 741] (90) | 
treherne : res/test3.txt [33, 87, 89, 123, 125, 131, 135, 141, 145, 147, 151, 161, 187, 189, 205, 211, 226, 228, 236, 236, 242, 248, 254, 262, 269, 277, 450, 470, 470, 470, 470, 470, 474, 500, 500, 512, 538, 568, 576, 578, 580, 590, 598, 606, 608, 632, 656, 660, 664, 698, 725, 735] (52) | 
trehernes : res/test3.txt [650] (1) | 
trespasser : res/test3.txt [57] (1) | 
trial : res/test3.txt [93] (1) | 
triangular : res/test3.txt [345] (1) | 
tribal : res/test3.txt [139] (1) | 
tribe : res/test3.txt [111] (1) | 
tribute : res/test3.txt [544] (1) | 
trick : res/test3.txt [240, 707] (2) | 
tricks : res/test3.txt [1] (1) | 
tried : res/test3.txt [704, 733, 735] (3) | 
trifurcation : res/test3.txt [27] (1) | 
trinity : res/test3.txt [264] (1) | 
triple : res/test3.txt [345] (1) | 
tropical : res/test3.txt [195, 374] (2) | 
trotter : res/test3.txt [195] (1) | 
troubadour : res/test3.txt [662] (1) | 
trouble : res/test3.txt [271, 353, 630] (3) | 
troy : res/test3.txt [552] (1) | 
true : res/test3.txt [1, 1, 1, 35, 119, 119, 327, 412, 462, 608, 620, 739, 741] (13) | 
truer : res/test3.txt [412] (1) | 
truly : res/test3.txt [121] (1) | 
trunk : res/test3.txt [101, 370] (2) | 
trust : res/test3.txt [500, 676, 741, 741] (4) | 
trusted : res/test3.txt [396, 741, 741] (3) | 
truth : res/test3.txt [279, 444, 560, 668, 735, 745] (6) | 
try : res/test3.txt [540, 741] (2) | 
trying : res/test3.txt [105, 398] (2) | 
tt : res/test3.txt [85] (1) | 
tuft : res/test3.txt [55] (1) | 
tumble : res/test3.txt [642] (1) | 
tumbled : res/test3.txt [195, 426, 662] (3) | 
tumbling : res/test3.txt [53] (1) | 
tune : res/test3.txt [105] (1) | 
tunnels : res/test3.txt [682, 707] (2) | 
turf : res/test3.txt [5, 209] (2) | 
turkey : res/test3.txt [572] (1) | 
turn : res/test3.txt [33, 662, 704, 715, 721] (5) | 
turned : res/test3.txt [223, 226, 240, 368, 374, 398, 422, 440, 510, 588, 658, 694] (12) | 
turning : res/test3.txt [25, 89, 265, 285, 360, 470, 751] (7) | 
turns : res/test3.txt [731] (1) | 
turvy : res/test3.txt [660] (1) | 
turvydom : res/test3.txt [111] (1) | 
twentieth : res/test3.txt [707] (1) | 
twenty : res/test3.txt [380, 600] (2) | 
twig : res/test3.txt [372, 380] (2) | 
twilight : res/test3.txt [111, 111, 181, 189, 225, 360, 386] (7) | 
two : res/test3.txt [33, 55, 199, 219, 225, 225, 287, 319, 412, 412, 412, 424, 442, 442, 546, 588, 600, 630, 644, 707] (20) | 
twopence : res/test3.txt [219] (1) | 
type : res/test3.txt [23, 133, 139, 139, 265, 327, 390, 398, 412] (9) | 
ugly : res/test3.txt [462] (1) | 
ultimately : res/test3.txt [225, 678] (2) | 
umbrella : res/test3.txt [608] (1) | 
unable : res/test3.txt [57] (1) | 
unaccountably : res/test3.txt [345] (1) | 
unaltered : res/test3.txt [57] (1) | 
uncertain : res/test3.txt [281] (1) | 
uncivilized : res/test3.txt [327] (1) | 
uncle : res/test3.txt [117] (1) | 
uncomfortable : res/test3.txt [93] (1) | 
uncommon : res/test3.txt [55] (1) | 
uncommonly : res/test3.txt [554] (1) | 
unconditionally : res/test3.txt [291] (1) | 
under : res/test3.txt [3, 31, 47, 51, 55, 89, 111, 189, 195, 211, 213, 215, 244, 345, 360, 360, 372, 376, 380, 410, 426, 490, 510, 540, 644, 656, 682, 688, 731, 735] (30) | 
undergrowth : res/test3.txt [181, 359] (2) | 
underneath : res/test3.txt [424] (1) | 
understand : res/test3.txt [125, 127, 203, 209, 327, 327, 327, 390, 406, 534, 534, 534, 534, 534, 584, 586, 704, 709] (18) | 
understanding : res/test3.txt [327, 626] (2) | 
understands : res/test3.txt [534] (1) | 
understood : res/test3.txt [65, 380, 408, 534, 731] (5) | 
undertaker : res/test3.txt [394] (1) | 
underworld : res/test3.txt [376] (1) | 
undiminished : res/test3.txt [706] (1) | 
undiplomatic : res/test3.txt [33] (1) | 
undiscovered : res/test3.txt [733] (1) | 
undo : res/test3.txt [600] (1) | 
unearthly : res/test3.txt [586] (1) | 
uneasily : res/test3.txt [508] (1) | 
uneasy : res/test3.txt [238, 570] (2) | 
unexpected : res/test3.txt [578] (1) | 
unfamiliar : res/test3.txt [5] (1) | 
unhappy : res/test3.txt [277, 546, 608] (3) | 
unholy : res/test3.txt [47] (1) | 
unimportant : res/test3.txt [474] (1) | 
uninterrupted : res/test3.txt [729] (1) | 
unique : res/test3.txt [23, 33, 378, 424, 678] (5) | 
united : res/test3.txt [412] (1) | 
universe : res/test3.txt [608] (1) | 
unknown : res/test3.txt [500, 548] (2) | 
unless : res/test3.txt [474, 733, 733] (3) | 
unnatural : res/test3.txt [238, 654] (2) | 
unnecessary : res/test3.txt [213] (1) | 
unpacked : res/test3.txt [612] (1) | 
unpleasant : res/test3.txt [600] (1) | 
unprofessional : res/test3.txt [410] (1) | 
unreason : res/test3.txt [696] (1) | 
unreasonably : res/test3.txt [400] (1) | 
unruffled : res/test3.txt [743] (1) | 
unscrupulous : res/test3.txt [157] (1) | 
unseen : res/test3.txt [707] (1) | 
unstrap : res/test3.txt [612] (1) | 
unsympathetic : res/test3.txt [538] (1) | 
until : res/test3.txt [240, 598] (2) | 
unusual : res/test3.txt [498, 678] (2) | 
unwell : res/test3.txt [29] (1) | 
unwrap : res/test3.txt [634] (1) | 
up : res/test3.txt [27, 33, 47, 49, 65, 101, 101, 145, 145, 155, 155, 155, 181, 189, 195, 217, 219, 221, 238, 260, 262, 269, 305, 315, 345, 345, 345, 351, 351, 392, 394, 396, 410, 414, 442, 474, 492, 498, 500, 506, 508, 534, 558, 560, 590, 608, 608, 608, 620, 632, 632, 634, 644, 650, 650, 650, 650, 660, 662, 678, 678, 692, 698, 698, 704, 704, 704, 723, 735, 739] (70) | 
upon : res/test3.txt [1, 31, 51, 55, 81, 111, 119, 151, 163, 364, 374, 622, 632] (13) | 
upper : res/test3.txt [51, 656] (2) | 
upset : res/test3.txt [1, 171] (2) | 
upward : res/test3.txt [362] (1) | 
urns : res/test3.txt [3, 179] (2) | 
us : res/test3.txt [107, 195, 207, 207, 242, 262, 285, 462, 470, 476, 500, 504, 534, 534, 540, 642, 650, 676] (18) | 
use : res/test3.txt [406, 452, 544, 636, 704] (5) | 
used : res/test3.txt [450, 682, 707, 745] (4) | 
useful : res/test3.txt [31, 636] (2) | 
uses : res/test3.txt [572] (1) | 
usual : res/test3.txt [25, 223, 528, 528] (4) | 
utter : res/test3.txt [386] (1) | 
utterance : res/test3.txt [578] (1) | 
vacancy : res/test3.txt [690] (1) | 
vacantly : res/test3.txt [408] (1) | 
vagabond : res/test3.txt [552] (1) | 
vague : res/test3.txt [107, 195] (2) | 
vaguely : res/test3.txt [600, 608, 622] (3) | 
valor : res/test3.txt [552] (1) | 
vane : res/test3.txt [1, 1, 1, 19, 23, 29, 33, 33, 49, 57, 83, 91, 101, 101, 101, 107, 113, 123, 175, 193, 197, 213, 217, 275, 277, 281, 289, 307, 323, 345, 353, 372, 372, 380, 408, 430, 454, 470, 474, 476, 502, 506, 566, 694, 735] (45) | 
vanish : res/test3.txt [624, 709] (2) | 
vanished : res/test3.txt [53, 195, 226, 240, 275] (5) | 
vanishing : res/test3.txt [240, 588, 596, 707, 729, 729] (6) | 
vanity : res/test3.txt [105, 698] (2) | 
vapor : res/test3.txt [25] (1) | 
varied : res/test3.txt [550, 590, 592] (3) | 
varies : res/test3.txt [500] (1) | 
varnished : res/test3.txt [139] (1) | 
vast : res/test3.txt [733] (1) | 
vastly : res/test3.txt [500] (1) | 
ve : res/test3.txt [7, 242, 327, 351, 351, 396, 512, 544, 560, 564, 620, 630, 650, 654, 654, 707, 707] (17) | 
vegetable : res/test3.txt [133, 135, 141, 195, 374] (5) | 
vegetation : res/test3.txt [360] (1) | 
veil : res/test3.txt [25] (1) | 
velvet : res/test3.txt [608] (1) | 
venerable : res/test3.txt [1] (1) | 
venture : res/test3.txt [733] (1) | 
ventured : res/test3.txt [265] (1) | 
verdict : res/test3.txt [608] (1) | 
verified : res/test3.txt [733] (1) | 
verses : res/test3.txt [33] (1) | 
versification : res/test3.txt [33] (1) | 
very : res/test3.txt [3, 31, 33, 33, 39, 55, 93, 133, 141, 141, 143, 173, 173, 195, 234, 236, 238, 252, 289, 289, 297, 345, 347, 372, 378, 398, 410, 428, 474, 474, 476, 504, 512, 512, 534, 554, 556, 572, 592, 600, 608, 640, 640, 644, 678, 682, 704, 707, 709, 723, 731, 733] (52) | 
vibrant : res/test3.txt [438] (1) | 
view : res/test3.txt [277, 277, 345, 510, 580, 588, 620, 672, 735] (9) | 
vigil : res/test3.txt [248, 248, 622] (3) | 
vigilance : res/test3.txt [368] (1) | 
vigorous : res/test3.txt [173] (1) | 
viler : res/test3.txt [169] (1) | 
village : res/test3.txt [27, 141, 277, 285, 301, 345, 394, 412, 462, 608, 630, 646, 731, 733, 751] (15) | 
villagers : res/test3.txt [101] (1) | 
villains : res/test3.txt [731] (1) | 
violent : res/test3.txt [630, 630, 630] (3) | 
visage : res/test3.txt [5] (1) | 
visibly : res/test3.txt [173] (1) | 
visited : res/test3.txt [111] (1) | 
visitor : res/test3.txt [31, 31, 287] (3) | 
visits : res/test3.txt [31, 277] (2) | 
vital : res/test3.txt [500] (1) | 
vivid : res/test3.txt [31] (1) | 
voice : res/test3.txt [83, 111, 111, 169, 211, 230, 240, 240, 281, 289, 364, 428, 438, 444, 494, 600, 600, 600, 600, 600, 600, 666] (22) | 
voices : res/test3.txt [264, 600, 600] (3) | 
volcanic : res/test3.txt [264] (1) | 
vour : res/test3.txt [111] (1) | 
voyage : res/test3.txt [31, 101] (2) | 
wading : res/test3.txt [349] (1) | 
wager : res/test3.txt [279] (1) | 
waggling : res/test3.txt [400] (1) | 
wailing : res/test3.txt [264] (1) | 
waist : res/test3.txt [345, 360] (2) | 
wait : res/test3.txt [151, 165, 273, 668, 672] (5) | 
waiting : res/test3.txt [139, 221, 265, 506, 566, 604, 674] (7) | 
wake : res/test3.txt [560] (1) | 
walk : res/test3.txt [5, 5, 111, 131, 173, 213, 215, 343] (8) | 
walked : res/test3.txt [226, 345, 382, 386, 386, 408, 470, 534, 550] (9) | 
walking : res/test3.txt [111, 111, 111, 125, 127, 159, 211, 225, 285, 319, 319, 345, 394, 540, 745] (15) | 
wall : res/test3.txt [67] (1) | 
walt : res/test3.txt [608] (1) | 
walter : res/test3.txt [101, 101] (2) | 
wandered : res/test3.txt [51, 236] (2) | 
wandering : res/test3.txt [359, 378] (2) | 
wanderings : res/test3.txt [345] (1) | 
want : res/test3.txt [49, 69, 305, 313, 353, 416, 426, 534, 600, 668, 704, 721] (12) | 
wanted : res/test3.txt [351, 454, 588, 709] (4) | 
wanting : res/test3.txt [534] (1) | 
warm : res/test3.txt [111] (1) | 
warmed : res/test3.txt [3] (1) | 
warmly : res/test3.txt [177] (1) | 
warned : res/test3.txt [502] (1) | 
warning : res/test3.txt [382] (1) | 
was : res/test3.txt [1, 1, 1, 1, 1, 1, 3, 3, 3, 5, 5, 5, 5, 5, 5, 13, 15, 15, 15, 23, 23, 23, 23, 23, 23, 23, 23, 25, 25, 25, 25, 25, 27, 31, 31, 31, 33, 33, 33, 33, 33, 33, 33, 33, 33, 35, 45, 45, 45, 51, 53, 55, 55, 55, 55, 55, 55, 57, 57, 57, 65, 83, 83, 85, 85, 87, 91, 91, 91, 93, 93, 101, 101, 101, 105, 111, 111, 111, 111, 119, 119, 119, 119, 119, 121, 121, 135, 137, 139, 139, 139, 141, 155, 155, 155, 163, 165, 171, 173, 173, 173, 179, 179, 181, 189, 189, 189, 189, 189, 189, 195, 195, 205, 223, 223, 223, 223, 225, 225, 236, 236, 240, 240, 240, 240, 240, 246, 248, 256, 256, 258, 262, 264, 264, 265, 265, 265, 265, 265, 265, 265, 275, 275, 277, 277, 277, 277, 277, 277, 277, 279, 279, 299, 315, 319, 319, 331, 345, 345, 347, 349, 351, 355, 355, 360, 360, 362, 364, 364, 370, 370, 372, 372, 372, 374, 376, 376, 378, 378, 378, 378, 378, 380, 380, 380, 380, 380, 380, 380, 380, 380, 382, 384, 384, 386, 386, 386, 386, 386, 388, 390, 390, 394, 394, 398, 398, 398, 410, 410, 412, 412, 416, 424, 424, 424, 424, 442, 442, 446, 454, 454, 462, 462, 464, 466, 470, 474, 474, 474, 474, 474, 498, 498, 498, 500, 506, 508, 510, 510, 510, 510, 510, 510, 512, 512, 526, 534, 534, 534, 538, 540, 542, 546, 546, 550, 550, 554, 560, 566, 566, 570, 572, 588, 600, 600, 600, 600, 600, 600, 600, 602, 602, 604, 608, 608, 608, 608, 608, 608, 608, 608, 608, 608, 612, 624, 626, 626, 628, 630, 630, 630, 630, 630, 630, 630, 630, 630, 632, 638, 644, 644, 656, 656, 656, 656, 660, 662, 668, 670, 678, 682, 684, 688, 690, 694, 694, 694, 696, 696, 696, 704, 704, 704, 704, 707, 709, 709, 715, 721, 723, 725, 729, 729, 729, 729, 729, 733, 733, 733, 733, 733, 733, 735, 735, 735, 735, 737, 737, 737, 737, 739, 739, 739, 739, 739, 739, 739, 741, 743] (359) | 
wash : res/test3.txt [688] (1) | 
wasn : res/test3.txt [101, 171] (2) | 
waste : res/test3.txt [739] (1) | 
wasted : res/test3.txt [550] (1) | 
watch : res/test3.txt [668] (1) | 
watched : res/test3.txt [101, 508, 735] (3) | 
watching : res/test3.txt [293, 368, 408, 460, 474, 737] (6) | 
water : res/test3.txt [93, 384, 384, 386, 400, 490, 490, 500, 500, 500, 500, 500, 540, 540, 596, 640, 642] (17) | 
waterproof : res/test3.txt [55] (1) | 
waved : res/test3.txt [25] (1) | 
wavering : res/test3.txt [359] (1) | 
waves : res/test3.txt [27] (1) | 
way : res/test3.txt [15, 89, 95, 101, 127, 163, 191, 195, 225, 378, 378, 408, 426, 510, 552, 566, 580, 588, 620, 650, 656, 668, 678, 682, 704, 707, 707, 731, 733, 733] (30) | 
ways : res/test3.txt [745] (1) | 
we : res/test3.txt [7, 17, 61, 65, 75, 85, 101, 141, 248, 248, 267, 281, 285, 289, 289, 289, 293, 293, 295, 295, 303, 329, 331, 416, 426, 426, 454, 460, 460, 462, 490, 500, 500, 500, 500, 500, 500, 500, 500, 500, 500, 512, 516, 516, 520, 524, 528, 534, 534, 534, 534, 538, 544, 560, 560, 564, 600, 600, 620, 620, 630, 632, 642, 646, 650, 650, 650, 682, 704, 707, 709, 731, 733, 733] (74) | 
weakly : res/test3.txt [510] (1) | 
weapon : res/test3.txt [452] (1) | 
wearily : res/test3.txt [43] (1) | 
weather : res/test3.txt [77] (1) | 
weathercock : res/test3.txt [123] (1) | 
wedge : res/test3.txt [111] (1) | 
weeds : res/test3.txt [11, 11] (2) | 
weeks : res/test3.txt [189] (1) | 
weighed : res/test3.txt [412, 442] (2) | 
well : res/test3.txt [1, 17, 27, 33, 39, 47, 71, 73, 101, 111, 123, 139, 171, 199, 230, 234, 289, 299, 305, 329, 357, 380, 380, 382, 382, 382, 382, 384, 384, 384, 386, 386, 386, 400, 410, 412, 412, 412, 416, 426, 444, 446, 456, 462, 474, 474, 490, 500, 500, 500, 504, 508, 512, 528, 528, 534, 534, 534, 540, 540, 544, 554, 560, 568, 582, 588, 588, 590, 598, 610, 612, 628, 630, 640, 654, 672, 674, 678, 682, 682, 682, 682, 682, 682, 698, 704, 709, 725, 731, 733, 735, 739, 745] (93) | 
wells : res/test3.txt [380] (1) | 
welltrained : res/test3.txt [139] (1) | 
went : res/test3.txt [13, 67, 139, 181, 209, 211, 275, 360, 380, 474, 512, 528, 546, 570, 650] (15) | 
were : res/test3.txt [5, 17, 19, 33, 33, 55, 61, 81, 89, 111, 111, 111, 111, 111, 111, 135, 139, 187, 187, 199, 236, 238, 238, 248, 265, 265, 275, 293, 360, 360, 360, 362, 364, 368, 368, 380, 382, 394, 412, 412, 418, 454, 460, 460, 462, 498, 508, 512, 512, 516, 518, 520, 534, 534, 534, 536, 552, 572, 582, 596, 608, 608, 608, 620, 620, 620, 624, 644, 656, 680, 688, 688, 704, 723, 729, 731, 733, 733, 733, 733, 735, 735, 735, 735, 737, 739, 741, 741] (88) | 
weren : res/test3.txt [293] (1) | 
what : res/test3.txt [7, 13, 21, 55, 59, 63, 65, 65, 77, 115, 159, 161, 161, 165, 167, 169, 195, 195, 197, 211, 225, 230, 240, 244, 252, 256, 260, 265, 287, 289, 293, 293, 297, 299, 319, 321, 327, 339, 341, 370, 380, 386, 392, 410, 424, 450, 450, 454, 462, 464, 470, 472, 486, 486, 528, 538, 540, 540, 560, 574, 594, 596, 638, 640, 656, 668, 678, 700, 704, 707, 717, 733, 733, 733, 733, 733, 737, 737, 737, 741, 745] (81) | 
whatever : res/test3.txt [101, 265, 289, 291] (4) | 
wheel : res/test3.txt [731] (1) | 
when : res/test3.txt [3, 11, 15, 33, 47, 51, 93, 101, 111, 119, 155, 173, 189, 189, 195, 195, 199, 199, 223, 225, 226, 226, 240, 248, 248, 262, 265, 277, 287, 315, 351, 376, 376, 384, 390, 400, 442, 470, 506, 508, 528, 534, 538, 560, 572, 588, 588, 588, 596, 600, 608, 608, 612, 618, 620, 630, 630, 638, 656, 656, 660, 662, 662, 666, 676, 682, 723, 731, 733, 737, 737, 739, 739, 745] (74) | 
whenever : res/test3.txt [213, 588] (2) | 
where : res/test3.txt [3, 51, 67, 85, 111, 111, 141, 145, 179, 195, 211, 223, 225, 242, 378, 384, 384, 388, 412, 446, 462, 474, 474, 490, 490, 512, 534, 536, 540, 564, 608, 704, 707, 723, 729, 739, 739, 751] (38) | 
whereabouts : res/test3.txt [470] (1) | 
whether : res/test3.txt [57, 117, 167, 238, 265, 289, 366, 600, 733, 735] (10) | 
which : res/test3.txt [1, 3, 5, 5, 23, 25, 25, 27, 27, 31, 33, 33, 53, 55, 55, 91, 91, 103, 111, 141, 173, 209, 225, 225, 225, 226, 265, 275, 277, 279, 345, 345, 360, 360, 372, 374, 374, 376, 378, 378, 380, 386, 424, 456, 462, 462, 470, 500, 506, 526, 550, 598, 608, 608, 608, 608, 612, 620, 620, 638, 644, 656, 662, 662, 668, 668, 678, 680, 694, 704, 704, 729, 729, 729, 729, 729] (76) | 
while : res/test3.txt [81, 83, 236, 398, 474, 500, 608] (7) | 
whiskers : res/test3.txt [23] (1) | 
whistling : res/test3.txt [739] (1) | 
white : res/test3.txt [3, 31, 53, 221, 273, 285, 370, 372, 400, 418, 498, 636, 696] (13) | 
whitman : res/test3.txt [608] (1) | 
who : res/test3.txt [1, 5, 15, 15, 23, 25, 31, 33, 57, 85, 93, 93, 111, 119, 119, 119, 163, 195, 195, 209, 223, 238, 271, 275, 275, 329, 398, 462, 470, 470, 470, 474, 534, 534, 552, 554, 560, 560, 574, 578, 588, 588, 592, 600, 608, 608, 632, 644, 662, 674, 678, 678, 678, 688, 704, 709, 709, 713, 731, 731, 733, 739, 739, 739, 745] (65) | 
whole : res/test3.txt [95, 238, 374, 380, 390, 390, 508, 660, 682, 721, 721] (11) | 
wholly : res/test3.txt [31, 725, 741] (3) | 
whom : res/test3.txt [33, 470, 600, 636, 672, 741] (6) | 
whose : res/test3.txt [31, 107, 265, 359, 608, 696, 717] (7) | 
why : res/test3.txt [87, 131, 131, 169, 171, 197, 285, 327, 392, 408, 462, 486, 490, 528, 534, 534, 556, 580, 594, 602, 608, 638, 640, 672, 672, 688, 688, 721, 721] (29) | 
wicked : res/test3.txt [195, 534, 538, 588] (4) | 
wide : res/test3.txt [3, 221] (2) | 
widely : res/test3.txt [277] (1) | 
widow : res/test3.txt [195] (1) | 
widower : res/test3.txt [93] (1) | 
wife : res/test3.txt [396, 598, 600] (3) | 
wig : res/test3.txt [654] (1) | 
wild : res/test3.txt [25, 111, 275, 277, 470, 602, 660, 660, 660, 662, 731] (11) | 
wilder : res/test3.txt [23, 586] (2) | 
wilderness : res/test3.txt [552, 739] (2) | 
wildest : res/test3.txt [729] (1) | 
wildly : res/test3.txt [275, 715] (2) | 
will : res/test3.txt [1, 111, 141, 145, 185, 211, 211, 219, 244, 250, 269, 289, 299, 313, 331, 333, 353, 450, 500, 502, 528, 528, 538, 538, 548, 588, 588, 632, 632, 636, 650, 668, 668, 668, 672, 672, 672, 676, 678, 678, 688, 704, 707, 733, 733, 733, 741] (47) | 
wind : res/test3.txt [101, 209, 217, 262, 262, 264, 264, 650, 656, 662, 696, 739, 743] (13) | 
window : res/test3.txt [33, 135] (2) | 
windows : res/test3.txt [236] (1) | 
winds : res/test3.txt [345] (1) | 
wine : res/test3.txt [189, 209, 244, 246] (4) | 
wireless : res/test3.txt [275] (1) | 
wisdom : res/test3.txt [279] (1) | 
wise : res/test3.txt [289] (1) | 
wish : res/test3.txt [7, 572, 590, 731] (4) | 
wished : res/test3.txt [508] (1) | 
wishing : res/test3.txt [735] (1) | 
wisps : res/test3.txt [660] (1) | 
witch : res/test3.txt [745] (1) | 
witchcraft : res/test3.txt [25, 600] (2) | 
witches : res/test3.txt [5] (1) | 
with : res/test3.txt [1, 3, 3, 3, 3, 5, 5, 5, 7, 15, 15, 25, 25, 27, 29, 31, 31, 31, 33, 33, 33, 35, 53, 57, 57, 65, 89, 89, 93, 93, 101, 101, 105, 109, 109, 111, 111, 111, 111, 111, 111, 111, 111, 111, 119, 119, 119, 121, 135, 141, 141, 143, 151, 163, 167, 173, 179, 179, 189, 191, 199, 199, 209, 221, 223, 226, 228, 234, 236, 240, 244, 248, 248, 264, 264, 275, 277, 287, 291, 301, 311, 319, 323, 325, 327, 339, 343, 345, 345, 345, 345, 347, 351, 353, 360, 360, 368, 374, 376, 376, 376, 378, 380, 380, 380, 380, 380, 380, 384, 384, 386, 386, 390, 394, 396, 398, 400, 400, 406, 406, 410, 410, 412, 414, 426, 432, 442, 444, 450, 460, 470, 470, 484, 500, 500, 500, 502, 506, 506, 508, 508, 508, 508, 526, 528, 528, 530, 534, 534, 538, 538, 538, 540, 542, 542, 550, 552, 552, 552, 554, 564, 564, 566, 568, 568, 570, 572, 580, 582, 598, 600, 600, 600, 602, 602, 606, 608, 608, 608, 608, 608, 608, 608, 608, 612, 612, 612, 614, 620, 620, 620, 628, 628, 630, 636, 638, 642, 644, 658, 660, 660, 660, 662, 662, 662, 662, 662, 662, 664, 668, 672, 672, 676, 676, 678, 680, 682, 682, 692, 694, 694, 706, 723, 731, 731, 733, 733, 733, 733, 733, 735, 739, 739, 741, 743, 745] (236) | 
within : res/test3.txt [225, 238] (2) | 
without : res/test3.txt [53, 101, 105, 157, 205, 221, 360, 380, 382, 404, 406, 426, 426, 440, 512, 608, 698, 707, 739, 739] (20) | 
witnesses : res/test3.txt [632] (1) | 
wits : res/test3.txt [709] (1) | 
woke : res/test3.txt [240, 240, 265, 534] (4) | 
wolf : res/test3.txt [474] (1) | 
woman : res/test3.txt [65, 600] (2) | 
won : res/test3.txt [668, 707, 733, 733] (4) | 
wonder : res/test3.txt [33, 33, 262, 366, 484, 572, 674, 688, 723] (9) | 
wondered : res/test3.txt [77] (1) | 
wonderful : res/test3.txt [327] (1) | 
wonders : res/test3.txt [285] (1) | 
wood : res/test3.txt [25, 27, 27, 35, 51, 53, 59, 61, 81, 111, 195, 219, 225, 225, 226, 230, 236, 264, 265, 265, 267, 273, 275, 281, 293, 323, 333, 335, 345, 347, 351, 351, 359, 360, 376, 378, 378, 380, 380, 382, 382, 384, 386, 386, 412, 412, 442, 446, 460, 462, 462, 470, 470, 470, 474, 500, 506, 508, 508, 512, 512, 536, 546, 588, 598, 600, 600, 600, 602, 638, 682, 688, 704, 733] (74) | 
woodcutter : res/test3.txt [15, 17, 31, 163, 179, 179, 349, 388, 388, 470, 470, 632, 656, 678] (14) | 
woodcutters : res/test3.txt [57] (1) | 
wooden : res/test3.txt [325, 345, 410] (3) | 
woodland : res/test3.txt [3, 275, 360] (3) | 
woodman : res/test3.txt [23, 57, 175, 355, 444, 446, 448, 448, 450, 450, 452, 452, 612, 634, 737, 741] (16) | 
woods : res/test3.txt [3, 25, 25, 345] (4) | 
word : res/test3.txt [13, 13, 149, 313, 486, 745] (6) | 
words : res/test3.txt [135, 428, 470, 532, 680, 729, 733] (7) | 
wore : res/test3.txt [55, 55, 240, 277] (4) | 
work : res/test3.txt [185, 351, 412, 608, 610, 741] (6) | 
worked : res/test3.txt [404, 412, 727] (3) | 
working : res/test3.txt [620, 731] (2) | 
works : res/test3.txt [612] (1) | 
world : res/test3.txt [5, 23, 33, 167, 285, 331, 362, 364, 382, 538, 552, 572, 586, 707, 733, 733, 741] (17) | 
worm : res/test3.txt [731] (1) | 
worms : res/test3.txt [25, 731, 731] (3) | 
worry : res/test3.txt [173] (1) | 
worse : res/test3.txt [600, 733] (2) | 
worshiped : res/test3.txt [534] (1) | 
worst : res/test3.txt [155] (1) | 
worth : res/test3.txt [119, 498, 630] (3) | 
worthier : res/test3.txt [586] (1) | 
worthy : res/test3.txt [93, 624, 630] (3) | 
would : res/test3.txt [13, 15, 19, 33, 61, 77, 111, 135, 179, 211, 211, 238, 262, 265, 265, 319, 360, 398, 452, 452, 454, 462, 470, 474, 474, 474, 510, 528, 534, 538, 586, 588, 594, 600, 600, 618, 630, 656, 670, 704, 704, 704, 709, 729, 733, 733, 735, 735, 735, 737, 737, 737, 737, 739, 739, 741, 741, 745, 745, 749] (60) | 
wouldn : res/test3.txt [351, 650] (2) | 
wound : res/test3.txt [360] (1) | 
wrapped : res/test3.txt [498, 678, 678] (3) | 
wrapper : res/test3.txt [612] (1) | 
wretched : res/test3.txt [588] (1) | 
wrinkle : res/test3.txt [291] (1) | 
writer : res/test3.txt [33] (1) | 
writes : res/test3.txt [165] (1) | 
writing : res/test3.txt [506] (1) | 
written : res/test3.txt [612] (1) | 
wrong : res/test3.txt [327, 327, 327, 528, 600, 604, 745] (7) | 
yacht : res/test3.txt [3] (1) | 
yankee : res/test3.txt [331] (1) | 
yard : res/test3.txt [225, 618] (2) | 
yards : res/test3.txt [25, 45, 240, 380, 384] (5) | 
yarn : res/test3.txt [197, 426] (2) | 
year : res/test3.txt [135, 135] (2) | 
years : res/test3.txt [23, 23, 67, 111, 727, 751] (6) | 
yel : res/test3.txt [223] (1) | 
yellow : res/test3.txt [5, 27, 31, 139, 151, 209, 223, 412, 506] (9) | 
yes : res/test3.txt [337, 474, 496, 530, 530, 713] (6) | 
yesterday : res/test3.txt [410, 410, 500] (3) | 
yet : res/test3.txt [5, 55, 99, 111, 211, 211, 238, 238, 240, 265, 355, 360, 384, 398, 420, 508, 510, 598, 709, 739, 741, 741, 745] (23) | 
you : res/test3.txt [7, 7, 9, 9, 9, 39, 39, 49, 59, 59, 61, 67, 69, 73, 75, 85, 87, 89, 89, 99, 101, 101, 103, 103, 111, 111, 111, 111, 117, 117, 121, 123, 123, 125, 125, 127, 129, 135, 135, 135, 141, 145, 153, 155, 155, 159, 159, 161, 165, 167, 185, 191, 195, 195, 195, 195, 195, 195, 195, 197, 197, 203, 215, 215, 215, 230, 234, 242, 244, 248, 260, 285, 285, 285, 285, 289, 297, 297, 307, 317, 319, 327, 327, 327, 327, 327, 327, 327, 327, 327, 327, 327, 327, 337, 339, 353, 353, 357, 392, 396, 396, 402, 406, 406, 406, 406, 406, 406, 406, 430, 450, 450, 450, 450, 454, 454, 454, 460, 460, 460, 462, 462, 470, 472, 474, 486, 494, 500, 502, 502, 502, 502, 508, 512, 512, 512, 512, 512, 518, 518, 528, 528, 528, 528, 528, 528, 528, 534, 534, 534, 534, 538, 538, 540, 540, 540, 540, 540, 540, 540, 544, 544, 552, 556, 556, 556, 560, 560, 560, 562, 572, 574, 580, 580, 582, 584, 586, 586, 588, 588, 588, 588, 588, 588, 590, 592, 594, 598, 598, 598, 600, 610, 614, 616, 618, 618, 620, 620, 620, 624, 624, 628, 630, 630, 632, 636, 640, 650, 654, 654, 660, 668, 668, 668, 672, 672, 672, 672, 672, 672, 672, 672, 676, 676, 676, 678, 682, 682, 698, 698, 704, 704, 704, 709, 709, 719, 721, 733, 733, 733, 733, 733, 733, 733, 733, 735, 735, 737, 739, 739, 741, 741, 741, 741, 741, 741, 741, 741, 741, 745, 745, 749] (262) | 
young : res/test3.txt [31, 33, 51, 55] (4) | 
younger : res/test3.txt [31, 55, 173] (3) | 
your : res/test3.txt [13, 29, 107, 135, 135, 219, 219, 285, 285, 285, 319, 406, 448, 460, 462, 490, 496, 502, 502, 534, 538, 540, 544, 580, 586, 588, 590, 668, 668, 698, 709, 709, 719, 733, 741, 741, 741, 741, 741, 745, 745] (41) | 
yours : res/test3.txt [99, 113, 191, 333, 564, 596, 600, 650] (8) | 
yourself : res/test3.txt [454, 470, 540, 556] (4) | 
yourselves : res/test3.txt [271] (1) | 
youth : res/test3.txt [45] (1) | 
zigzag : res/test3.txt [3] (1) | 
